variant,water_scenario,strategy,profit_under_full,profit_pct_loss_vs_full_decision,water_m3,fert_kg,allocation_l1_dist_ha,portfolio_risk_rs,feasible
FULL,tight,OURS,201712.49986293176,0.0,38213.793711565115,559.1397671058437,0.0,57087.786832599864,True
FULL,tight,B2,298892.23793022055,0.0,51991.92965920179,777.6189316210346,0.0,60026.78543870188,True
NO_ML_YIELD,tight,OURS,201358.12948763763,0.17568091989089651,37603.718226513985,532.4071286268817,2.57521692123047,61179.61643045109,True
NO_ML_YIELD,tight,B2,298892.23793022055,0.0,51991.92965920179,777.6189316210346,0.0,60026.78543870188,True
MSP_PRICE,tight,OURS,201686.13691555412,0.013069565542815848,38410.66054738094,381.70124394693073,5.0341542589584325,122418.23492137634,True
MSP_PRICE,tight,B2,292090.3327394724,2.2757048620098783,51991.92965920179,522.7164316210346,6.2250000000000005,126621.66451210875,True
MEAN_PRICE,tight,OURS,205709.41940949947,-1.9814932387847637,38802.35764514471,386.01185624847164,4.991311775096414,119774.67549706138,True
MEAN_PRICE,tight,B2,292090.3327394724,2.2757048620098783,51991.92965920179,522.7164316210346,6.2250000000000005,126621.66451210875,True
NO_COST,tight,OURS,174661.8707441299,13.410487271330915,38783.14625324807,375.6681870518222,6.734993895693958,184673.19526156894,True
NO_COST,tight,B2,261525.97856817124,12.50158238327114,51991.92965920179,512.2764316210346,8.175,190971.1299883384,True
FULL,current,OURS,304411.8066329992,0.0,54020.79605663536,543.7454439875715,0.0,127590.07921084097,True
FULL,current,B2,443722.32250011666,0.0,74274.18522743114,1008.3516880300494,0.0,86304.32004526081,True
NO_ML_YIELD,current,OURS,307414.1293619814,-0.986270132617364,54999.05261967835,589.3928505272477,0.8308946142928708,122303.4860734041,True
NO_ML_YIELD,current,B2,443722.32250011666,0.0,74274.18522743114,1008.3516880300494,0.0,86304.32004526081,True
MSP_PRICE,current,OURS,276134.4285902617,9.289185710470447,54047.90805661156,552.9400180638767,2.3342617529513525,180674.22201209492,True
MSP_PRICE,current,B2,436920.41730936855,1.5329193159414052,74274.18522743114,753.4491880300495,6.224999999999999,143353.87256955617,True
MEAN_PRICE,current,OURS,298959.77138195996,1.791006502455492,53954.03078124518,549.6053467104782,0.5019854636108483,135341.78384840526,True
MEAN_PRICE,current,B2,436920.41730936855,1.5329193159414052,74274.18522743114,753.4491880300495,6.224999999999999,143353.87256955617,True
NO_COST,current,OURS,272552.0722877476,10.465998246796628,53834.52450289408,532.9760929146283,2.4740453047243323,191441.08597848474,True
NO_COST,current,B2,406356.0631380674,8.421090728884721,74274.18522743114,743.0091880300495,8.175,203104.4132223378,True
