variant,water_scenario,strategy,profit_under_full,profit_loss_rs_vs_full,profit_loss_pct_vs_full,water_m3,fert_kg,allocation_l1_dist_ha,feasible
FULL,tight,B2,298892.23793022044,0.0,0.0,51991.92965920179,777.6189316210346,0.0,True
FULL,tight,B3,166258.96963826107,0.0,0.0,31586.1666597009,566.3172557612028,0.0,True
NO_ML_YIELD,tight,B2,298892.23793022044,0.0,0.0,51991.92965920179,777.6189316210346,0.0,True
NO_ML_YIELD,tight,B3,160152.41488399357,6106.554754267505,3.6729174778081917,30646.667010301004,556.5887368916669,0.046974982469994764,True
MSP_PRICE,tight,B2,292090.3327394722,6801.905190748221,2.2757048620098983,51991.92965920179,522.7164316210346,6.2250000000000005,True
MSP_PRICE,tight,B3,227597.69231292233,-61338.72267466126,-36.893481782137435,42069.67144522707,419.97144781532637,6.749175239276308,True
MEAN_PRICE,tight,B2,292090.3327394722,6801.905190748221,2.2757048620098983,51991.92965920179,522.7164316210346,6.2250000000000005,True
MEAN_PRICE,tight,B3,194113.3533381352,-27854.38369987413,-16.753612608377445,36918.071894725166,366.62663446987915,6.491595261751213,True
NO_COST,tight,B2,261525.9785681711,37366.25936204934,12.501582383271154,51991.92965920179,512.2764316210346,8.175,True
NO_COST,tight,B3,229371.0046650367,-63112.035026775615,-37.960078282748896,47044.854274780504,461.04946601535215,8.59793438075398,True
FULL,current,B2,443722.3225001164,0.0,0.0,74274.18522743114,1008.3516880300494,0.0,True
FULL,current,B3,166258.96963826107,0.0,0.0,31586.1666597009,566.3172557612028,0.0,True
NO_ML_YIELD,current,B2,443722.3225001164,0.0,0.0,74274.18522743114,1008.3516880300494,0.0,True
NO_ML_YIELD,current,B3,160152.41488399357,6106.554754267505,3.6729174778081917,30646.667010301004,556.5887368916669,0.046974982469994764,True
MSP_PRICE,current,B2,436920.4173093682,6801.905190748221,1.5329193159414323,74274.18522743114,753.4491880300495,6.224999999999999,True
MSP_PRICE,current,B3,227597.69231292233,-61338.72267466126,-36.893481782137435,42069.67144522707,419.97144781532637,6.749175239276308,True
MEAN_PRICE,current,B2,436920.4173093682,6801.905190748221,1.5329193159414323,74274.18522743114,753.4491880300495,6.224999999999999,True
MEAN_PRICE,current,B3,194113.3533381352,-27854.38369987413,-16.753612608377445,36918.071894725166,366.62663446987915,6.491595261751213,True
NO_COST,current,B2,406356.0631380671,37366.25936204934,8.421090728884737,74274.18522743114,743.0091880300495,8.175,True
NO_COST,current,B3,229371.0046650367,-63112.035026775615,-37.960078282748896,47044.854274780504,461.04946601535215,8.59793438075398,True
