variant,water_scenario,strategy,profit_under_full,dominated_by_full,profit_pct_vs_full,water_pct_vs_full,fert_pct_vs_full,allocation_l1_dist_ha,feasible
FULL,tight,OURS,201712.49986293164,False,0.0,0.0,0.0,0.0,True
NO_ML_YIELD,tight,OURS,201358.12948763752,False,-0.17568091989089663,-1.5964797676355662,-4.781029726669685,2.57521692123047,True
MSP_PRICE,tight,OURS,201686.136915554,False,-0.013069565542815857,0.5151721844257627,-31.734198423651794,5.0341542589584325,True
MEAN_PRICE,tight,OURS,205709.41940949933,False,1.9814932387847504,1.5401871324842284,-30.963261968201127,4.991311775096414,True
NO_COST,tight,OURS,174661.87074412982,False,-13.410487271330906,1.4899136839969063,-32.813187479704126,6.734993895693958,True
FULL,current,OURS,304411.806632999,False,0.0,0.0,0.0,0.0,True
NO_ML_YIELD,current,OURS,307414.1293619812,False,0.9862701326173648,1.8108888325477204,8.394995681236365,0.8308946142928708,True
MSP_PRICE,current,OURS,276134.42859026155,True,-9.289185710470434,0.05018807932370552,1.6909703203904507,2.3342617529513525,True
MEAN_PRICE,current,OURS,298959.7713819598,False,-1.7910065024554742,-0.12359180216482143,1.077692289232424,0.5019854636108483,True
NO_COST,current,OURS,272552.0722877474,False,-10.465998246796616,-0.3448145294748962,-1.980586907352435,2.4740453047243323,True
