year,scenario,strategy,feasible,planned_profit,realized_profit,water_m3,profit_per_1000m3,oraclew_profit,oraclew_water_m3,capture_ratio_w,win_vs_b1,win_vs_b1_scaled
2016,default,B1,True,349851.2176160592,463119.49004502385,27781.55212739686,16670.036573957914,782393.7313322949,27781.55212739686,0.5919263811794649,,
2016,default,B1_SCALED,True,349851.2176160592,463119.49004502385,27781.55212739686,16670.036573957914,782393.7313322949,27781.55212739686,0.5919263811794649,False,
2016,default,B2,True,630580.204324068,638517.1314872794,27781.55212739686,22983.49381486155,782393.7313322949,27781.55212739686,0.8161071669119639,True,True
2016,default,B3,True,349851.2176160592,468043.4459516554,0.0,,523101.7086926012,0.0,0.8947465438823474,True,True
2016,default,OURS,True,494151.9162247993,661897.0210548609,16644.502955986318,39766.703926523965,678448.9267853595,16644.502955986318,0.9756033135627096,True,True
2016,default,MODEL_B,True,445891.417877883,479461.250198502,15900.72557449403,30153.419600398247,671507.0705220227,15900.72557449403,0.7140077465242082,True,True
2016,default,ORACLE,True,619686.6408786625,782393.7313322949,27781.55212739686,28162.347724292016,782393.7313322949,27781.55212739686,1.0,True,True
2016,tight,B1,False,349851.2176160592,463119.49004502385,27781.55212739686,16670.036573957914,782393.7313322949,27781.55212739686,0.5919263811794649,,
2016,tight,B1_SCALED,True,244895.85233124145,324183.6430315167,19447.0864891778,16670.036573957914,704606.1245403868,19447.0864891778,0.4600920028093441,False,
2016,tight,B2,True,550163.3043414811,558231.7410198771,19447.0864891778,28705.160607504375,704606.1245403868,19447.0864891778,0.7922606993857889,True,True
2016,tight,B3,True,349851.2176160592,468043.4459516554,0.0,,523101.7086926012,0.0,0.8947465438823474,True,True
2016,tight,OURS,True,425220.54535136296,534717.1251923126,8737.809225462659,61195.7884859863,604653.8198604907,8737.809225462659,0.8843359747825387,True,True
2016,tight,MODEL_B,True,394587.7484558237,441468.8263896275,10755.111078036225,41047.35164392511,623481.7915745972,10755.111078036225,0.7080701190562474,False,True
2016,tight,ORACLE,True,539090.6230788629,704606.1245403868,19447.0864891778,36231.96332944251,704606.1245403868,19447.0864891778,1.0,True,True
2017,default,B1,True,364904.0505815706,352051.01180795016,27159.22678150815,12962.48286595738,682820.8353804507,27159.22678150815,0.5155832885676316,,
2017,default,B1_SCALED,True,364904.0505815706,352051.01180795016,27159.22678150815,12962.48286595738,682820.8353804507,27159.22678150815,0.5155832885676316,False,
2017,default,B2,True,667809.610204123,682820.8353804508,27159.22678150815,25141.394520309455,682820.8353804507,27159.22678150815,1.0000000000000002,True,True
2017,default,B3,True,364904.0505815706,400477.5980742117,1797.5667633252274,222788.71986561906,400477.5980742117,1797.5667633252274,1.0,True,True
2017,default,OURS,True,476797.59166235896,489550.1075637331,15836.318146434718,30913.126588956988,556766.5204240415,15836.318146434718,0.8792736086050659,True,True
2017,default,MODEL_B,True,455848.0668946441,474262.3828020591,15186.918690715735,31228.34805798963,549536.9642947837,15186.918690715735,0.8630218049311318,True,True
2017,default,ORACLE,True,667809.610204123,682820.8353804507,27159.226781508147,25141.394520309455,682820.8353804506,27159.226781508147,1.0000000000000002,True,True
2017,tight,B1,False,364904.0505815706,352051.01180795016,27159.22678150815,12962.48286595738,682820.8353804507,27159.22678150815,0.5155832885676316,,
2017,tight,B1_SCALED,True,255432.8354070994,246435.70826556513,19011.45874705571,12962.482865957378,592114.3436910943,19011.45874705571,0.4161961467262318,False,
2017,tight,B2,True,570497.2010644556,592114.3436910942,19011.458747055705,31145.12944898532,592114.3436910942,19011.458747055705,1.0,True,True
2017,tight,B3,True,364904.0505815706,400477.5980742117,1797.5667633252274,222788.71986561906,400477.5980742117,1797.5667633252274,1.0,True,True
2017,tight,OURS,True,404735.3961096278,417423.3090300287,11438.507774337162,36492.811585663105,507807.1062284899,11438.507774337162,0.8220115549982229,True,True
2017,tight,MODEL_B,True,396853.69415964704,416936.6984213802,10733.950599906182,38842.80019185335,499963.4968845605,10733.950599906182,0.8339342792412886,True,True
2017,tight,ORACLE,True,570497.2010644556,592114.3436910942,19011.458747055705,31145.12944898532,592114.3436910942,19011.458747055705,1.0,True,True
2018,default,B1,True,392753.07992375415,381100.8933641929,26977.12688189504,14126.815469736264,736636.4354508119,26977.12688189504,0.5173527604984189,,
2018,default,B1_SCALED,True,392753.07992375415,381100.8933641929,26977.12688189504,14126.815469736264,736636.4354508119,26977.12688189504,0.5173527604984189,False,
2018,default,B2,True,727891.0543850964,736636.4354508119,26977.12688189504,27305.96325827363,736636.4354508119,26977.12688189504,1.0,True,True
2018,default,B3,True,392753.0799237542,391385.8444901677,0.0,,425552.88864796,0.0,0.919711403519441,True,True
2018,default,OURS,True,536852.4461122755,520210.162283366,14915.288479335584,34877.646718271135,597546.7730246306,14915.288479335584,0.8705764732862563,True,True
2018,default,MODEL_B,True,501400.59921653656,515167.085303037,15384.369835355834,33486.39501106491,602955.929181575,15384.369835355834,0.8544025531058322,True,True
2018,default,ORACLE,True,727891.0543850964,736636.4354508119,26977.12688189504,27305.96325827363,736636.4354508119,26977.12688189504,1.0,True,True
2018,tight,B1,False,392753.07992375415,381100.8933641929,26977.12688189504,14126.815469736264,736636.4354508119,26977.12688189504,0.5173527604984189,,
2018,tight,B1_SCALED,True,274927.1559466279,266770.62535493507,18883.988817326528,14126.815469736266,643311.3714099564,18883.988817326528,0.41468352218032367,False,
2018,tight,B2,True,634253.9803885878,643311.3714099564,18883.988817326528,34066.49821883511,643311.3714099564,18883.988817326528,1.0,True,True
2018,tight,B3,True,392753.0799237542,391385.8444901677,0.0,,425552.88864796,0.0,0.919711403519441,True,True
2018,tight,OURS,True,469204.0186770729,460153.77651927917,10653.904006003493,43191.09466914492,548407.1221619429,10653.904006003493,0.8390733050753437,True,True
2018,tight,MODEL_B,True,432630.39554162533,448139.91566793737,10749.454153291086,41689.5508625183,549508.9473802432,10749.454153291086,0.8155279687517779,True,True
2018,tight,ORACLE,True,634253.9803885878,643311.3714099564,18883.988817326528,34066.49821883511,643311.3714099564,18883.988817326528,1.0,True,True
2019,default,B1,True,465276.62891561666,482979.5895108112,26687.20435350787,18097.796348883076,710344.1765984452,26687.20435350787,0.6799233462060712,,
2019,default,B1_SCALED,True,465276.62891561666,482979.5895108112,26687.20435350787,18097.796348883076,710344.1765984452,26687.20435350787,0.6799233462060712,False,
2019,default,B2,True,744354.2481503423,710344.1765984452,26687.204353507874,26617.406873683067,710344.1765984452,26687.204353507874,1.0,True,True
2019,default,B3,True,465276.62891561666,409014.84341619344,2174.778267575106,188071.97474538314,409014.8434161935,2174.778267575106,0.9999999999999999,False,False
2019,default,OURS,True,563240.908802532,543827.4378159042,15206.78276719349,35762.16259162562,569216.253596139,15206.78276719349,0.9553968889330973,True,True
2019,default,MODEL_B,True,521944.1025279569,484777.4387675477,15579.226446554701,31116.91330956646,573794.6745633832,15579.226446554701,0.8448622133630445,True,True
2019,default,ORACLE,True,744354.2481503423,710344.1765984452,26687.204353507874,26617.406873683067,710344.1765984452,26687.204353507874,1.0,True,True
2019,tight,B1,False,465276.62891561666,482979.5895108112,26687.20435350787,18097.796348883076,710344.1765984452,26687.20435350787,0.6799233462060712,,
2019,tight,B1_SCALED,True,325693.64024093165,338085.71265756787,18681.043047455507,18097.79634888308,611925.062992763,18681.043047455507,0.5524952859490351,False,
2019,tight,B2,True,653202.9101036965,611925.062992763,18681.043047455507,32756.471972056806,611925.062992763,18681.043047455507,1.0,True,True
2019,tight,B3,True,465276.62891561666,409014.84341619344,2174.778267575106,188071.97474538314,409014.8434161935,2174.778267575106,0.9999999999999999,False,True
2019,tight,OURS,True,484622.6260327027,472887.82930117246,9670.642657124212,48899.31787033857,501160.91701205267,9670.642657124212,0.9435848112828793,False,True
2019,tight,MODEL_B,True,478276.5908914463,417744.5926766133,9941.76395542141,42019.16224824572,504493.78988807875,9941.76395542141,0.8280470464647134,False,True
2019,tight,ORACLE,True,653202.9101036965,611925.062992763,18681.043047455507,32756.471972056806,611925.062992763,18681.043047455507,1.0,True,True
2020,default,B1,True,446580.33147248725,,25980.011413096512,,,25980.011413096512,,,
2020,default,B1_SCALED,True,446580.33147248725,,25980.011413096512,,,25980.011413096512,,,
2020,default,B2,True,747554.3335237715,,25980.011413096512,,,25980.011413096512,,,
2020,default,B3,True,446580.33147248725,,2158.181799169415,,,2158.181799169415,,,
2020,default,OURS,True,549239.6904604358,,14548.942202610488,,,14548.942202610488,,,
2020,default,MODEL_B,True,513430.3444025416,,15139.61684711658,,,15139.61684711658,,,
2020,default,ORACLE,False,,,,,,,,,
2020,tight,B1,False,446580.33147248725,,25980.011413096512,,,25980.011413096512,,,
2020,tight,B1_SCALED,True,312606.23203074106,,18186.007989167556,,,18186.007989167556,,,
2020,tight,B2,True,649081.9474594418,,18186.007989167556,,,18186.007989167556,,,
2020,tight,B3,True,446580.33147248725,,2158.181799169415,,,2158.181799169415,,,
2020,tight,OURS,True,508693.53458161105,,10324.721734494982,,,10324.721734494982,,,
2020,tight,MODEL_B,True,440712.41128892626,,9521.18404422294,,,9521.18404422294,,,
2020,tight,ORACLE,False,,,,,,,,,
