year,scenario,budget_m3,b1_water_m3,b1_feasible,b1_scale_factor,b1_scaled_water_m3,b1_scaled_feasible,b1_scaled_food_share,b1_scaled_food_share_violated,b1_realized_profit,b1_scaled_realized_profit
2016,default,27781.55212739686,27781.55212739686,True,1.0,27781.55212739686,True,0.48247652370387845,False,463119.49004502385,463119.49004502385
2016,tight,19447.0864891778,27781.55212739686,False,0.7,19447.0864891778,True,0.3377335665927149,False,463119.49004502385,324183.6430315167
2017,default,27159.22678150815,27159.22678150815,True,1.0,27159.22678150815,True,0.48674889580906183,False,352051.01180795016,352051.01180795016
2017,tight,19011.458747055705,27159.22678150815,False,0.7,19011.45874705571,True,0.3407242270663432,False,352051.01180795016,246435.70826556513
2018,default,26977.12688189504,26977.12688189504,True,1.0,26977.12688189504,True,0.48736828889500405,False,381100.8933641929,381100.8933641929
2018,tight,18883.988817326528,26977.12688189504,False,0.7,18883.988817326528,True,0.3411578022265028,False,381100.8933641929,266770.62535493507
2019,default,26687.20435350787,26687.20435350787,True,1.0,26687.20435350787,True,0.4742811336827404,False,482979.5895108112,482979.5895108112
2019,tight,18681.043047455507,26687.20435350787,False,0.7,18681.043047455507,True,0.3319967935779182,False,482979.5895108112,338085.71265756787
2020,default,25980.011413096512,25980.011413096512,True,1.0,25980.011413096512,True,0.4663294654237654,False,,
2020,tight,18186.007989167556,25980.011413096512,False,0.7,18186.007989167556,True,0.3264306257966358,False,,
