crop,x_ha,yield_effect_rs,price_effect_rs,interaction_rs,cost_effect_rs,total_effect_rs,year,scenario,strategy
rice,0.9394367160639574,8559.451868831089,-1339.500747608798,-331.66675170751233,-0.0,6888.284369514779,2016,default,B1
wheat,0.56513785336078,3503.814299605625,-716.4823740968499,-172.522856636242,-0.0,2614.809068872533,2016,default,B1
jowar,2.0101895497931594,9195.848872857077,-1217.569868003115,-464.64884660429027,-0.0,7513.630158249673,2016,default,B1
soybean,2.049778030980534,17666.897037029546,-21813.25776842783,-4889.218219013777,-0.0,-9035.57895041206,2016,default,B1
cotton,2.5307460048069688,79311.34694418113,-468.3280635080483,-460.9039327007571,-0.0,78382.11494797232,2016,default,B1
sugarcane,0.5947107271737126,1861.847264582031,0.0,0.0,-0.0,1861.847264582031,2016,default,B1
tur,0.7304201859184487,44669.96540836331,-9471.349933003547,-15417.860873121388,-0.0,19780.75460223837,2016,default,B1
maize,0.5795809319024386,7182.098465693728,-1250.9336076127918,-668.7538901338521,-0.0,5262.410967947084,2016,default,B1
rice,0.9394367160639574,8559.451868831089,-1339.500747608798,-331.66675170751233,-0.0,6888.284369514779,2016,default,B1_SCALED
wheat,0.56513785336078,3503.814299605625,-716.4823740968499,-172.522856636242,-0.0,2614.809068872533,2016,default,B1_SCALED
jowar,2.0101895497931594,9195.848872857077,-1217.569868003115,-464.64884660429027,-0.0,7513.630158249673,2016,default,B1_SCALED
soybean,2.049778030980534,17666.897037029546,-21813.25776842783,-4889.218219013777,-0.0,-9035.57895041206,2016,default,B1_SCALED
cotton,2.5307460048069688,79311.34694418113,-468.3280635080483,-460.9039327007571,-0.0,78382.11494797232,2016,default,B1_SCALED
sugarcane,0.5947107271737126,1861.847264582031,0.0,0.0,-0.0,1861.847264582031,2016,default,B1_SCALED
tur,0.7304201859184487,44669.96540836331,-9471.349933003547,-15417.860873121388,-0.0,19780.75460223837,2016,default,B1_SCALED
maize,0.5795809319024386,7182.098465693728,-1250.9336076127918,-668.7538901338521,-0.0,5262.410967947084,2016,default,B1_SCALED
rice,0.0,0.0,-0.0,-0.0,-0.0,0.0,2016,default,B2
wheat,0.0,0.0,-0.0,-0.0,-0.0,0.0,2016,default,B2
jowar,0.0,0.0,-0.0,-0.0,-0.0,0.0,2016,default,B2
soybean,0.0,0.0,-0.0,-0.0,-0.0,0.0,2016,default,B2
cotton,0.0,0.0,-0.0,-0.0,-0.0,0.0,2016,default,B2
sugarcane,2.7621458452718044,8647.386790609831,0.0,0.0,-0.0,8647.386790609831,2016,default,B2
tur,5.0,305782.6595536525,-64834.94100792159,-105541.03768185557,-0.0,135406.68086387537,2016,default,B2
maize,0.0,0.0,-0.0,-0.0,-0.0,0.0,2016,default,B2
rice,0.0,0.0,-0.0,-0.0,-0.0,0.0,2016,default,B3
wheat,0.0,0.0,-0.0,-0.0,-0.0,0.0,2016,default,B3
jowar,0.0,0.0,-0.0,-0.0,-0.0,0.0,2016,default,B3
soybean,0.0,0.0,-0.0,-0.0,-0.0,0.0,2016,default,B3
cotton,0.0,0.0,-0.0,-0.0,-0.0,0.0,2016,default,B3
sugarcane,1.1375276784962751,3561.2318726109115,0.0,0.0,-0.0,3561.2318726109115,2016,default,B3
tur,5.0,305782.6595536525,-64834.94100792159,-105541.03768185557,-0.0,135406.68086387537,2016,default,B3
maize,0.0,0.0,-0.0,-0.0,-0.0,0.0,2016,default,B3
rice,0.0026541778601377386,24.182903708885263,-3.7844733627583445,-0.9370535920867161,-0.0,19.461376754040202,2016,default,OURS
wheat,0.00063103150842952,3.9123502515156456,-0.8000224203719489,-0.1926385886457998,-0.0,2.919689242497897,2016,default,OURS
jowar,0.0006460172642788167,2.955282068885415,-0.3912920327720476,-0.14932481206287118,-0.0,2.414665224050496,2016,default,OURS
soybean,0.02657840178577315,229.0774321224617,-282.8411274115261,-63.39594057465261,-0.0,-117.15963586371701,2016,default,OURS
cotton,0.00018561998401432894,5.817166528751152,-0.03434996933580309,-0.03380543936750435,-0.0,5.749011120047844,2016,default,OURS
sugarcane,1.70413486178967,5335.0960154703935,0.0,0.0,-0.0,5335.0960154703935,2016,default,OURS
tur,4.978861528965692,304489.9039752988,-64560.83870342017,-105094.84244826181,-0.0,134834.22282361682,2016,default,OURS
maize,0.0016307269857258125,20.207776235326893,-3.519665811967926,-1.8816268020942446,-0.0,14.806483621264723,2016,default,OURS
rice,2.6450269238836603,24099.527152399693,-3771.425452511643,-933.8228674933779,-0.0,19394.278832394673,2016,default,MODEL_B
wheat,2.0738859857594805,12857.944888035814,-2629.27486779858,-633.1070065000264,-0.0,9595.563013737208,2016,default,MODEL_B
jowar,0.05861785694542698,268.15429110969524,-35.50477931347959,-13.549329028653286,-0.0,219.10018276756236,2016,default,MODEL_B
soybean,0.00012752534642374927,1.0991322625319417,-1.357094871496218,-0.30417890995874347,-0.0,-0.5621415189230199,2016,default,MODEL_B
cotton,0.0013953273145443923,43.728326957475055,-0.2582127712300009,-0.2541194752285501,-0.0,43.215994711016506,2016,default,MODEL_B
sugarcane,1.356072294388518,4245.42450054925,0.0,0.0,-0.0,4245.42450054925,2016,default,MODEL_B
tur,1.116439621871846,68277.57536140944,-14476.85940459348,-23566.039240298614,-0.0,30234.676716517348,2016,default,MODEL_B
maize,0.0011586455045931275,14.357798269012068,-2.500752735683515,-1.3369119752428034,-0.0,10.520133558085751,2016,default,MODEL_B
rice,0.9394367160639574,8559.451868831089,-1339.500747608798,-331.66675170751233,-0.0,6888.284369514779,2016,tight,B1
wheat,0.56513785336078,3503.814299605625,-716.4823740968499,-172.522856636242,-0.0,2614.809068872533,2016,tight,B1
jowar,2.0101895497931594,9195.848872857077,-1217.569868003115,-464.64884660429027,-0.0,7513.630158249673,2016,tight,B1
soybean,2.049778030980534,17666.897037029546,-21813.25776842783,-4889.218219013777,-0.0,-9035.57895041206,2016,tight,B1
cotton,2.5307460048069688,79311.34694418113,-468.3280635080483,-460.9039327007571,-0.0,78382.11494797232,2016,tight,B1
sugarcane,0.5947107271737126,1861.847264582031,0.0,0.0,-0.0,1861.847264582031,2016,tight,B1
tur,0.7304201859184487,44669.96540836331,-9471.349933003547,-15417.860873121388,-0.0,19780.75460223837,2016,tight,B1
maize,0.5795809319024386,7182.098465693728,-1250.9336076127918,-668.7538901338521,-0.0,5262.410967947084,2016,tight,B1
rice,0.6576057012447701,5991.616308181761,-937.6505233261586,-232.16672619525858,-0.0,4821.799058660344,2016,tight,B1_SCALED
wheat,0.395596497352546,2452.6700097239373,-501.5376618677949,-120.7659996453694,-0.0,1830.366348210773,2016,tight,B1_SCALED
jowar,1.4071326848552115,6437.094210999952,-852.2989076021806,-325.2541926230031,-0.0,5259.541110774769,2016,tight,B1_SCALED
soybean,1.4348446216863737,12366.827925920683,-15269.28043789948,-3422.452753309644,-0.0,-6324.905265288442,2016,tight,B1_SCALED
cotton,1.771522203364878,55517.94286092679,-327.8296444556338,-322.6327528905299,-0.0,54867.48046358063,2016,tight,B1_SCALED
sugarcane,0.41629750902159884,1303.2930852074217,0.0,0.0,-0.0,1303.2930852074217,2016,tight,B1_SCALED
tur,0.511294130142914,31268.975785854313,-6629.944953102483,-10792.50261118497,-0.0,13846.52822156686,2016,tight,B1_SCALED
maize,0.40570665233170705,5027.4689259856095,-875.6535253289542,-468.12772309369643,-0.0,3683.687677562959,2016,tight,B1_SCALED
rice,0.0,0.0,-0.0,-0.0,-0.0,0.0,2016,tight,B2
wheat,0.0,0.0,-0.0,-0.0,-0.0,0.0,2016,tight,B2
jowar,0.0,0.0,-0.0,-0.0,-0.0,0.0,2016,tight,B2
soybean,0.0,0.0,-0.0,-0.0,-0.0,0.0,2016,tight,B2
cotton,0.0,0.0,-0.0,-0.0,-0.0,0.0,2016,tight,B2
sugarcane,1.6335020916902632,5113.96761843541,0.0,0.0,-0.0,5113.96761843541,2016,tight,B2
tur,5.0,305782.6595536525,-64834.94100792159,-105541.03768185557,-0.0,135406.68086387537,2016,tight,B2
maize,0.0,0.0,-0.0,-0.0,-0.0,0.0,2016,tight,B2
rice,0.0,0.0,-0.0,-0.0,-0.0,0.0,2016,tight,B3
wheat,0.0,0.0,-0.0,-0.0,-0.0,0.0,2016,tight,B3
jowar,0.0,0.0,-0.0,-0.0,-0.0,0.0,2016,tight,B3
soybean,0.0,0.0,-0.0,-0.0,-0.0,0.0,2016,tight,B3
cotton,0.0,0.0,-0.0,-0.0,-0.0,0.0,2016,tight,B3
sugarcane,1.1375276784962751,3561.2318726109115,0.0,0.0,-0.0,3561.2318726109115,2016,tight,B3
tur,5.0,305782.6595536525,-64834.94100792159,-105541.03768185557,-0.0,135406.68086387537,2016,tight,B3
maize,0.0,0.0,-0.0,-0.0,-0.0,0.0,2016,tight,B3
rice,0.05948807287818142,542.0112795928283,-84.82137937719875,-21.00217668680404,-0.0,436.1877235288255,2016,tight,OURS
wheat,0.00028321680086901724,1.7559239234677828,-0.3590625626367407,-0.08645920856783913,-0.0,1.310402152263203,2016,tight,OURS
jowar,0.00037660716113195033,1.7228338186125287,-0.22811059360826905,-0.08705153355358086,-0.0,1.4076716914506788,2016,tight,OURS
soybean,0.015368400750500303,132.45919781519746,-163.54692166292733,-36.65736670546093,-0.0,-67.7450905531908,2016,tight,OURS
cotton,0.00031325525924953804,9.817143443569135,-0.05796955864768331,-0.057050601148067336,-0.0,9.702123283773386,2016,tight,OURS
sugarcane,0.9304355580035963,2912.8933099483925,0.0,0.0,-0.0,2912.8933099483925,2016,tight,OURS
tur,4.998683830192623,305702.1671728277,-64817.874249558045,-105513.25569640835,-0.0,135371.03722686128,2016,tight,OURS
maize,0.0025145152737122284,31.159576333908806,-5.427182796399843,-2.90139267621576,-0.0,22.8310008612932,2016,tight,OURS
rice,3.9691675826208925,36164.11654114571,-5659.458325815878,-1401.3087806768308,-0.0,29103.349434653002,2016,tight,MODEL_B
wheat,0.0010844070882115725,6.723246442746763,-1.3748124646559017,-0.33104313841708993,-0.0,5.017390839673772,2016,tight,MODEL_B
jowar,0.07380337557924832,337.62223478045246,-44.7026332772728,-17.059412801110994,-0.0,275.8601887020686,2016,tight,MODEL_B
soybean,0.07734562767123368,666.6366892801798,-823.0940561141603,-184.48809883592858,-0.0,-340.945465669909,2016,tight,MODEL_B
cotton,0.0027796559994757147,87.11196656683386,-0.5143901873124891,-0.5062358606040078,-0.0,86.09134051891736,2016,tight,MODEL_B
sugarcane,0.7049275417188627,2206.900523747293,0.0,0.0,-0.0,2206.900523747293,2016,tight,MODEL_B
tur,1.1364051433255629,69498.59741130806,-14735.752085722306,-23987.475610715544,-0.0,30775.36971487021,2016,tight,MODEL_B
maize,0.007049804518258773,87.36034508214296,-15.215886019650641,-8.13447085084982,-0.0,64.0099882116425,2016,tight,MODEL_B
rice,0.9201293471912592,2219.01047895782,1864.9681537448866,106.20110726320529,-0.0,4190.179739965912,2017,default,B1
wheat,0.6009007981657203,434.1255452743553,875.6906231799012,25.509973904610018,-0.0,1335.3261423588665,2017,default,B1
jowar,2.0169807500049814,383.47644339518115,29.219737277365414,0.4718978787337849,-0.0,413.16807855128036,2017,default,B1
soybean,2.1085027208973184,6145.089379044751,-119.21766027800908,-11.816688866441218,-0.0,6014.055029900301,2017,default,B1
cotton,2.486989903626186,-10034.636647682346,-13489.31578768305,1194.8358193334645,-0.0,-22329.116616031934,2017,default,B1
sugarcane,0.5370184173858777,-3897.3164274807436,0.0,-0.0,-0.0,-3897.3164274807436,2017,default,B1
tur,0.7402603522903405,3563.6576811977375,-2148.670047746933,-375.51811468553655,-0.0,1039.4695187652678,2017,default,B1
maize,0.589217710438317,3139.1029731267545,-2272.5042514582524,-485.40296131784845,-0.0,381.19576035065364,2017,default,B1
rice,0.9201293471912592,2219.01047895782,1864.9681537448866,106.20110726320529,-0.0,4190.179739965912,2017,default,B1_SCALED
wheat,0.6009007981657203,434.1255452743553,875.6906231799012,25.509973904610018,-0.0,1335.3261423588665,2017,default,B1_SCALED
jowar,2.0169807500049814,383.47644339518115,29.219737277365414,0.4718978787337849,-0.0,413.16807855128036,2017,default,B1_SCALED
soybean,2.1085027208973184,6145.089379044751,-119.21766027800908,-11.816688866441218,-0.0,6014.055029900301,2017,default,B1_SCALED
cotton,2.486989903626186,-10034.636647682346,-13489.31578768305,1194.8358193334645,-0.0,-22329.116616031934,2017,default,B1_SCALED
sugarcane,0.5370184173858777,-3897.3164274807436,0.0,-0.0,-0.0,-3897.3164274807436,2017,default,B1_SCALED
tur,0.7402603522903405,3563.6576811977375,-2148.670047746933,-375.51811468553655,-0.0,1039.4695187652678,2017,default,B1_SCALED
maize,0.589217710438317,3139.1029731267545,-2272.5042514582524,-485.40296131784845,-0.0,381.19576035065364,2017,default,B1_SCALED
rice,3.0,7234.886548499275,6080.5629972714005,346.2592762225968,-0.0,13661.708821993274,2017,default,B2
wheat,0.0,0.0,0.0,0.0,-0.0,0.0,2017,default,B2
jowar,0.0,0.0,0.0,0.0,-0.0,0.0,2017,default,B2
soybean,0.0,0.0,-0.0,-0.0,-0.0,0.0,2017,default,B2
cotton,0.0,-0.0,-0.0,0.0,-0.0,0.0,2017,default,B2
sugarcane,2.8482103408719004,-20670.384089312054,0.0,-0.0,-0.0,-20670.384089312054,2017,default,B2
tur,0.0,0.0,-0.0,-0.0,-0.0,0.0,2017,default,B2
maize,0.0,0.0,-0.0,-0.0,-0.0,0.0,2017,default,B2
rice,3.0,7234.886548499275,6080.5629972714005,346.2592762225968,-0.0,13661.708821993274,2017,default,B3
wheat,0.0,0.0,0.0,0.0,-0.0,0.0,2017,default,B3
jowar,0.0,0.0,0.0,0.0,-0.0,0.0,2017,default,B3
soybean,0.0,0.0,-0.0,-0.0,-0.0,0.0,2017,default,B3
cotton,0.0,-0.0,-0.0,0.0,-0.0,0.0,2017,default,B3
sugarcane,1.3667572029774655,-9918.999287717517,0.0,-0.0,-0.0,-9918.999287717517,2017,default,B3
tur,0.0,0.0,-0.0,-0.0,-0.0,0.0,2017,default,B3
maize,0.0,0.0,-0.0,-0.0,-0.0,0.0,2017,default,B3
rice,0.028062192482477967,67.6755929709591,56.87797641042106,3.238931486067339,-0.0,127.7925008674475,2017,default,OURS
wheat,0.00019414589090051716,0.140262237972129,0.2829281250906311,0.008242053639598563,-0.0,0.43143241670235866,2017,default,OURS
jowar,0.0007294245070434812,0.1386811032706319,0.010567077776736173,0.00017065798846588169,-0.0,0.14941883903583397,2017,default,OURS
soybean,0.0006516442286465106,1.8991732800170724,-0.036844866028839365,-0.0036520119349198097,-0.0,1.8586764020533133,2017,default,OURS
cotton,0.0005287091048591691,-2.133263087175198,-2.867693216152496,0.25401010899657456,-0.0,-4.7469461943311195,2017,default,OURS
sugarcane,2.0669709545361625,-15000.677063280145,0.0,-0.0,-0.0,-15000.677063280145,2017,default,OURS
tur,2.9718017193683175,14306.431502723262,-8625.912927111742,-1507.5309320885112,-0.0,4172.987643523009,2017,default,OURS
maize,0.018441122272846933,98.24650673080532,-71.12401413652563,-15.191965894245667,-0.0,11.930526700034024,2017,default,OURS
rice,2.884744237724435,6956.932427124435,5846.956356166364,332.95648394725646,-0.0,13136.845267238055,2017,default,MODEL_B
wheat,0.12182157049863629,88.01095934692636,177.53014692665585,5.171677411521377,-0.0,270.7127836851036,2017,default,MODEL_B
jowar,0.0005849911274093539,0.1112208517389778,0.00847469022817838,0.00013686599245028868,-0.0,0.11983240795960648,2017,default,MODEL_B
soybean,0.46769920642675844,1363.0778834269738,-26.44436004348655,-2.6211282303086065,-0.0,1334.0123951531787,2017,default,MODEL_B
cotton,0.15294956211982091,-617.1288749731948,-829.5912018033757,73.4822506137522,-0.0,-1373.2378261628182,2017,default,MODEL_B
sugarcane,1.1057526825639659,-8024.805025245253,0.0,-0.0,-0.0,-8024.805025245253,2017,default,MODEL_B
tur,2.5100549111774537,12083.554707165098,-7285.652661473031,-1273.2967328133223,-0.0,3524.605312878745,2017,default,MODEL_B
maize,0.0009403873147985095,5.009986230011186,-3.6269007754490104,-0.7746997065810737,-0.0,0.6083857479811017,2017,default,MODEL_B
rice,0.9201293471912592,2219.01047895782,1864.9681537448866,106.20110726320529,-0.0,4190.179739965912,2017,tight,B1
wheat,0.6009007981657203,434.1255452743553,875.6906231799012,25.509973904610018,-0.0,1335.3261423588665,2017,tight,B1
jowar,2.0169807500049814,383.47644339518115,29.219737277365414,0.4718978787337849,-0.0,413.16807855128036,2017,tight,B1
soybean,2.1085027208973184,6145.089379044751,-119.21766027800908,-11.816688866441218,-0.0,6014.055029900301,2017,tight,B1
cotton,2.486989903626186,-10034.636647682346,-13489.31578768305,1194.8358193334645,-0.0,-22329.116616031934,2017,tight,B1
sugarcane,0.5370184173858777,-3897.3164274807436,0.0,-0.0,-0.0,-3897.3164274807436,2017,tight,B1
tur,0.7402603522903405,3563.6576811977375,-2148.670047746933,-375.51811468553655,-0.0,1039.4695187652678,2017,tight,B1
maize,0.589217710438317,3139.1029731267545,-2272.5042514582524,-485.40296131784845,-0.0,381.19576035065364,2017,tight,B1
rice,0.6440905430338814,1553.3073352704737,1305.4777076214204,74.34077508424369,-0.0,2933.125817976138,2017,tight,B1_SCALED
wheat,0.4206305587160042,303.8878816920488,612.9834362259309,17.856981733227013,-0.0,934.7282996512067,2017,tight,B1_SCALED
jowar,1.4118865250034869,268.43351037662677,20.453816094155787,0.3303285151136494,-0.0,289.2176549858962,2017,tight,B1_SCALED
soybean,1.4759519046281229,4301.5625653313255,-83.45236219460635,-8.271682206508855,-0.0,4209.8385209302105,2017,tight,B1_SCALED
cotton,1.7408929325383302,-7024.245653377641,-9442.521051378135,836.3850735334252,-0.0,-15630.381631222352,2017,tight,B1_SCALED
sugarcane,0.3759128921701144,-2728.1214992365203,0.0,-0.0,-0.0,-2728.1214992365203,2017,tight,B1_SCALED
tur,0.5181822466032383,2494.560376838416,-1504.069033422853,-262.8626802798756,-0.0,727.6286631356872,2017,tight,B1_SCALED
maize,0.4124523973068219,2197.372081188728,-1590.7529760207765,-339.78207292249385,-0.0,266.8370322454575,2017,tight,B1_SCALED
rice,2.9999999999999996,7234.886548499274,6080.5629972714,346.2592762225967,-0.0,13661.708821993268,2017,tight,B2
wheat,0.0,0.0,0.0,0.0,-0.0,0.0,2017,tight,B2
jowar,0.0,0.0,0.0,0.0,-0.0,0.0,2017,tight,B2
soybean,0.0,0.0,-0.0,-0.0,-0.0,0.0,2017,tight,B2
cotton,0.0,-0.0,-0.0,0.0,-0.0,0.0,2017,tight,B2
sugarcane,1.73499723861033,-12591.436384221832,0.0,-0.0,-0.0,-12591.436384221832,2017,tight,B2
tur,0.0,0.0,-0.0,-0.0,-0.0,0.0,2017,tight,B2
maize,0.0,0.0,-0.0,-0.0,-0.0,0.0,2017,tight,B2
rice,3.0,7234.886548499275,6080.5629972714005,346.2592762225968,-0.0,13661.708821993274,2017,tight,B3
wheat,0.0,0.0,0.0,0.0,-0.0,0.0,2017,tight,B3
jowar,0.0,0.0,0.0,0.0,-0.0,0.0,2017,tight,B3
soybean,0.0,0.0,-0.0,-0.0,-0.0,0.0,2017,tight,B3
cotton,0.0,-0.0,-0.0,0.0,-0.0,0.0,2017,tight,B3
sugarcane,1.3667572029774655,-9918.999287717517,0.0,-0.0,-0.0,-9918.999287717517,2017,tight,B3
tur,0.0,0.0,-0.0,-0.0,-0.0,0.0,2017,tight,B3
maize,0.0,0.0,-0.0,-0.0,-0.0,0.0,2017,tight,B3
rice,2.9388819380338265,7087.492467036136,5956.685588585916,339.2050442557517,-0.0,13383.383099877803,2017,tight,OURS
wheat,0.00028680822242342467,0.20720687396124818,0.41796461544692987,0.012175837163110851,-0.0,0.6373473265712889,2017,tight,OURS
jowar,0.003968107076748521,0.7544323805762716,0.057485450106928335,0.0009283882913119138,-0.0,0.8128462189745118,2017,tight,OURS
soybean,0.007558812850538522,22.029651707664687,-0.4273857337670638,-0.04236188019546841,-0.0,21.559904093702155,2017,tight,OURS
cotton,0.0008530561295342859,-3.4419553885094714,-4.626936160508134,0.4098376185538128,-0.0,-7.659053930463792,2017,tight,OURS
sugarcane,0.8996382838218847,-6528.966137506291,0.0,-0.0,-0.0,-6528.966137506291,2017,tight,OURS
tur,0.10650141913867428,512.704211697586,-309.12963072762074,-54.02587346810002,-0.0,149.54870750186518,2017,tight,OURS
maize,0.00505353050394046,26.923075034362764,-19.49053694692175,-4.163144841484823,-0.0,3.2693932459561905,2017,tight,OURS
rice,2.9698230129814203,7162.110856014288,6019.398640393295,342.7762556613861,-0.0,13524.285752068969,2017,tight,MODEL_B
wheat,0.6675944849650275,482.3089280165452,972.8830987661023,28.34131347853974,-0.0,1483.5333402611873,2017,tight,MODEL_B
jowar,0.03528501898781655,6.708528867489641,0.5111694718198492,0.008255371605004573,-0.0,7.227953710914495,2017,tight,MODEL_B
soybean,0.0005036204211887907,1.4677678480776286,-0.028475395211632264,-0.002822441614607636,-0.0,1.4364700112513886,2017,tight,MODEL_B
cotton,8.576114951830745e-05,-0.3460335615552725,-0.4651644248657296,0.04120261734970387,-0.0,-0.7699953690712983,2017,tight,MODEL_B
sugarcane,0.6608349353804581,-4795.8929640597535,0.0,-0.0,-0.0,-4795.8929640597535,2017,tight,MODEL_B
tur,0.7646240851830128,3680.9461508516792,-2219.3879012100074,-387.8773110334857,-0.0,1073.6809386081861,2017,tight,MODEL_B
maize,6.309504458446803e-05,0.33614373522026547,-0.2433459730147773,-0.0519782772024953,-0.0,0.04081948500299286,2017,tight,MODEL_B
rice,0.8906096507535738,1691.8626426763358,2366.542800938853,100.25147796038256,-0.0,4158.656921575572,2018,default,B1
wheat,0.6309338090729977,-1957.8471688390289,-119.67501409054499,11.853974819040918,-0.0,-2065.6682081105328,2018,default,B1
jowar,2.0001641961188965,-11576.658901415069,11134.675435668503,-4042.3810224205786,-0.0,-4484.364488167144,2018,default,B1
soybean,2.1430731822800873,771.7928169639908,-6528.270310559054,-56.32305445030311,-0.0,-5812.800548045367,2018,default,B1
cotton,2.4603088209224646,-13913.284152362603,23030.329660734744,-3213.2341137350604,-0.0,5903.81139463708,2018,default,B1
sugarcane,0.5229351078474067,-1669.7767587096062,0.0,-0.0,-0.0,-1669.7767587096062,2018,default,B1
tur,0.7454524766544018,-7157.962206193188,1084.945588837923,-337.11891072175547,-0.0,-6410.135528077019,2018,default,B1
maize,0.6065227563501713,-3747.0710570819633,3353.090596693624,-877.9288842759489,-0.0,-1271.9093446642883,2018,default,B1
rice,0.8906096507535738,1691.8626426763358,2366.542800938853,100.25147796038256,-0.0,4158.656921575572,2018,default,B1_SCALED
wheat,0.6309338090729977,-1957.8471688390289,-119.67501409054499,11.853974819040918,-0.0,-2065.6682081105328,2018,default,B1_SCALED
jowar,2.0001641961188965,-11576.658901415069,11134.675435668503,-4042.3810224205786,-0.0,-4484.364488167144,2018,default,B1_SCALED
soybean,2.1430731822800873,771.7928169639908,-6528.270310559054,-56.32305445030311,-0.0,-5812.800548045367,2018,default,B1_SCALED
cotton,2.4603088209224646,-13913.284152362603,23030.329660734744,-3213.2341137350604,-0.0,5903.81139463708,2018,default,B1_SCALED
sugarcane,0.5229351078474067,-1669.7767587096062,0.0,-0.0,-0.0,-1669.7767587096062,2018,default,B1_SCALED
tur,0.7454524766544018,-7157.962206193188,1084.945588837923,-337.11891072175547,-0.0,-6410.135528077019,2018,default,B1_SCALED
maize,0.6065227563501713,-3747.0710570819633,3353.090596693624,-877.9288842759489,-0.0,-1271.9093446642883,2018,default,B1_SCALED
rice,3.0,5699.003961763032,7971.649977977817,337.6950088365532,-0.0,14008.348948577403,2018,default,B2
wheat,0.0,-0.0,-0.0,0.0,-0.0,0.0,2018,default,B2
jowar,0.0,-0.0,0.0,-0.0,-0.0,0.0,2018,default,B2
soybean,0.0,0.0,-0.0,-0.0,-0.0,0.0,2018,default,B2
cotton,0.0,-0.0,0.0,-0.0,-0.0,0.0,2018,default,B2
sugarcane,2.8325356753782738,-9044.529938775106,0.0,-0.0,-0.0,-9044.529938775106,2018,default,B2
tur,0.0,-0.0,0.0,-0.0,-0.0,0.0,2018,default,B2
maize,0.0,-0.0,0.0,-0.0,-0.0,0.0,2018,default,B2
rice,3.0,5699.003961763032,7971.649977977817,337.6950088365532,-0.0,14008.348948577403,2018,default,B3
wheat,0.0,-0.0,-0.0,0.0,-0.0,0.0,2018,default,B3
jowar,0.0,-0.0,0.0,-0.0,-0.0,0.0,2018,default,B3
soybean,0.0,0.0,-0.0,-0.0,-0.0,0.0,2018,default,B3
cotton,0.0,-0.0,0.0,-0.0,-0.0,0.0,2018,default,B3
sugarcane,1.4243761583398726,-4548.155534338328,0.0,-0.0,-0.0,-4548.155534338328,2018,default,B3
tur,0.0,-0.0,0.0,-0.0,-0.0,0.0,2018,default,B3
maize,0.0,-0.0,0.0,-0.0,-0.0,0.0,2018,default,B3
rice,0.00893310027846659,16.969924625935842,23.737182879370607,1.0055544591581969,-0.0,41.71266196446465,2018,default,OURS
wheat,0.005295041837812625,-16.43101466741376,-1.0043592488430673,0.09948316560087361,-0.0,-17.335890750655953,2018,default,OURS
jowar,0.008564242961915863,-49.5685902744012,47.67611874973934,-17.308545612317204,-0.0,-19.20101713697907,2018,default,OURS
soybean,0.0029789942262345194,1.0728361329867626,-9.074668902236283,-0.0782922652379198,-0.0,-8.080125034487441,2018,default,OURS
cotton,9.437704158317311e-05,-0.5337112909726914,0.8834396566730212,-0.12325913193886855,-0.0,0.22646923376146116,2018,default,OURS
sugarcane,2.032816548563779,-6490.958010993883,0.0,-0.0,-0.0,-6490.958010993883,2018,default,OURS
tur,3.0624476535057465,-29406.146265178824,4457.144052468536,-1384.9427688881192,-0.0,-26333.944981598408,2018,default,OURS
maize,0.004150538280342614,-25.64184393537168,22.94576870088415,-6.00781653030351,-0.0,-8.703891764791036,2018,default,OURS
rice,2.9436203254735873,5591.901298933387,7821.836967578859,331.34863060742026,-0.0,13745.086897119667,2018,default,MODEL_B
wheat,1.8423324292343053,-5716.9314415664685,-349.45212359443286,34.61371368976555,-0.0,-6031.769851471136,2018,default,MODEL_B
jowar,0.028903181986873576,-167.28740554241466,160.9005656167475,-58.414041496201655,-0.0,-64.80088142186881,2018,default,MODEL_B
soybean,1.6699171496453374e-05,0.006013933969581122,-0.05086933399784512,-0.00043887831421090916,-0.0,-0.04529427834247491,2018,default,MODEL_B
cotton,0.0034552499090487717,-19.53977215916978,32.34372197055368,-4.512655803539619,-0.0,8.291294007844282,2018,default,MODEL_B
sugarcane,1.5034459410486312,-4800.632148553012,0.0,-0.0,-0.0,-4800.632148553012,2018,default,MODEL_B
tur,0.03162899952095044,-303.7070642071611,46.03344221702952,-14.303707076775966,-0.0,-271.9773290669076,2018,default,MODEL_B
maize,0.005878281279471542,-36.3157646058342,32.497395153853944,-8.508688043630716,-0.0,-12.327057495610969,2018,default,MODEL_B
rice,0.8906096507535738,1691.8626426763358,2366.542800938853,100.25147796038256,-0.0,4158.656921575572,2018,tight,B1
wheat,0.6309338090729977,-1957.8471688390289,-119.67501409054499,11.853974819040918,-0.0,-2065.6682081105328,2018,tight,B1
jowar,2.0001641961188965,-11576.658901415069,11134.675435668503,-4042.3810224205786,-0.0,-4484.364488167144,2018,tight,B1
soybean,2.1430731822800873,771.7928169639908,-6528.270310559054,-56.32305445030311,-0.0,-5812.800548045367,2018,tight,B1
cotton,2.4603088209224646,-13913.284152362603,23030.329660734744,-3213.2341137350604,-0.0,5903.81139463708,2018,tight,B1
sugarcane,0.5229351078474067,-1669.7767587096062,0.0,-0.0,-0.0,-1669.7767587096062,2018,tight,B1
tur,0.7454524766544018,-7157.962206193188,1084.945588837923,-337.11891072175547,-0.0,-6410.135528077019,2018,tight,B1
maize,0.6065227563501713,-3747.0710570819633,3353.090596693624,-877.9288842759489,-0.0,-1271.9093446642883,2018,tight,B1
rice,0.6234267555275016,1184.303849873435,1656.5799606571968,70.17603457226778,-0.0,2911.0598451028995,2018,tight,B1_SCALED
wheat,0.4416536663510983,-1370.49301818732,-83.77250986338149,8.29778237332864,-0.0,-1445.967745677373,2018,tight,B1_SCALED
jowar,1.4001149372832276,-8103.661230990549,7794.272804967954,-2829.666715694405,-0.0,-3139.055141717,2018,tight,B1_SCALED
soybean,1.500151227596061,540.2549718747936,-4569.789217391337,-39.426138115212176,-0.0,-4068.9603836317556,2018,tight,B1_SCALED
cotton,1.7222161746457252,-9739.298906653821,16121.23076251432,-2249.263879614542,-0.0,4132.667976245957,2018,tight,B1_SCALED
sugarcane,0.36605457549318465,-1168.843731096724,0.0,-0.0,-0.0,-1168.843731096724,2018,tight,B1_SCALED
tur,0.5218167336580812,-5010.5735443352305,759.4619121865459,-235.98323750522883,-0.0,-4487.0948696539135,2018,tight,B1_SCALED
maize,0.4245659294451199,-2622.9497399573743,2347.163417685537,-614.5502189931642,-0.0,-890.3365412650016,2018,tight,B1_SCALED
rice,3.0,5699.003961763032,7971.649977977817,337.6950088365532,-0.0,14008.348948577403,2018,tight,B2
wheat,0.0,-0.0,-0.0,0.0,-0.0,0.0,2018,tight,B2
jowar,0.0,-0.0,0.0,-0.0,-0.0,0.0,2018,tight,B2
soybean,0.0,0.0,-0.0,-0.0,-0.0,0.0,2018,tight,B2
cotton,0.0,-0.0,0.0,-0.0,-0.0,0.0,2018,tight,B2
sugarcane,1.7240249727647912,-5504.959961107888,0.0,-0.0,-0.0,-5504.959961107888,2018,tight,B2
tur,0.0,-0.0,0.0,-0.0,-0.0,0.0,2018,tight,B2
maize,0.0,-0.0,0.0,-0.0,-0.0,0.0,2018,tight,B2
rice,3.0,5699.003961763032,7971.649977977817,337.6950088365532,-0.0,14008.348948577403,2018,tight,B3
wheat,0.0,-0.0,-0.0,0.0,-0.0,0.0,2018,tight,B3
jowar,0.0,-0.0,0.0,-0.0,-0.0,0.0,2018,tight,B3
soybean,0.0,0.0,-0.0,-0.0,-0.0,0.0,2018,tight,B3
cotton,0.0,-0.0,0.0,-0.0,-0.0,0.0,2018,tight,B3
sugarcane,1.4243761583398726,-4548.155534338328,0.0,-0.0,-0.0,-4548.155534338328,2018,tight,B3
tur,0.0,-0.0,0.0,-0.0,-0.0,0.0,2018,tight,B3
maize,0.0,-0.0,0.0,-0.0,-0.0,0.0,2018,tight,B3
rice,0.00191578164758399,3.639349066484689,5.090646909591074,0.21564996680326065,-0.0,8.945645942879024,2018,tight,OURS
wheat,0.0008290374350029689,-2.572581420810088,-0.157251149468978,0.015575942733210637,-0.0,-2.7142566275458555,2018,tight,OURS
jowar,0.00041857490800522435,-2.42265057242312,2.330156571743737,-0.8459501814225945,-0.0,-0.9384441821019776,2018,tight,OURS
soybean,0.0004945203771035132,0.1780934398538583,-1.5064173834589116,-0.012996708818292416,-0.0,-1.3413206524233459,2018,tight,OURS
cotton,1.405002222204974e-05,-0.07945423349296993,0.1315187104816919,-0.018349733301244238,-0.0,0.033714743687477726,2018,tight,OURS
sugarcane,1.326955910692078,-4237.084307891836,0.0,-0.0,-0.0,-4237.084307891836,2018,tight,OURS
tur,3.1315304749711212,-30069.491334961986,4557.6884932754365,-1416.184365436989,-0.0,-26927.987207123537,2018,tight,OURS
maize,0.0006888511340845385,-4.2556921733634665,3.808233468633567,-0.9970974728438813,-0.0,-1.4445561775737807,2018,tight,OURS
rice,3.464018524086842,6580.485097463815,9204.64773041721,389.92725536716335,-0.0,16175.060083248189,2018,tight,MODEL_B
wheat,0.015276040704060412,-47.402996341973065,-2.897547033011595,0.2870060206579062,-0.0,-50.01353735432676,2018,tight,MODEL_B
jowar,0.027263615436986854,-157.7978332707789,151.77329425393074,-55.10043718355668,-0.0,-61.124976200404845,2018,tight,MODEL_B
soybean,0.007537970160679645,2.7146768820613723,-22.962308151086525,-0.1981087287709954,-0.0,-20.44573999779615,2018,tight,MODEL_B
cotton,0.0011886304671763189,-6.72182016393332,11.126469681801977,-1.5523855921159397,-0.0,2.852263925752717,2018,tight,MODEL_B
sugarcane,0.7924081210177553,-2530.227257708412,0.0,-0.0,-0.0,-2530.227257708412,2018,tight,MODEL_B
tur,0.8132140649795598,-7808.62056933921,1183.5670820228129,-367.76300080175105,-0.0,-6992.816488118149,2018,tight,MODEL_B
maize,0.0029231688537496078,-18.059209307762227,16.160399413598558,-4.231225198813388,-0.0,-6.1300350929770575,2018,tight,MODEL_B
rice,0.8798316921477256,-9600.440140395565,3627.183937211624,-835.64481682876,-0.0,-6808.9010200127,2019,default,B1
wheat,0.6122018621004341,-240.7975445851894,-2018.608524876518,23.808030451362,-0.0,-2235.5980390103455,2019,default,B1
jowar,1.8785406154880873,9342.44715032014,-1918.291068433472,-519.3814337247671,-0.0,6904.7746481619015,2019,default,B1
soybean,2.221699639038664,-7615.677693280217,-1156.7146213777507,89.25615089495903,-0.0,-8683.136163763009,2019,default,B1
cotton,2.4827891687069115,78558.35810419073,-29853.459889798658,-17064.537433774964,-0.0,31640.36078061711,2019,default,B1
sugarcane,0.5526998554270214,4096.0064758735,0.0,0.0,-0.0,4096.0064758735,2019,default,B1
tur,0.7642281719471389,4529.15585396622,-2863.661246789383,-425.5326810486869,-0.0,1239.9619261281503,2019,default,B1
maize,0.6080089951440178,-6260.380794620188,-3013.870374007259,823.7431558273681,-0.0,-8450.508012800079,2019,default,B1
rice,0.8798316921477256,-9600.440140395565,3627.183937211624,-835.64481682876,-0.0,-6808.9010200127,2019,default,B1_SCALED
wheat,0.6122018621004341,-240.7975445851894,-2018.608524876518,23.808030451362,-0.0,-2235.5980390103455,2019,default,B1_SCALED
jowar,1.8785406154880873,9342.44715032014,-1918.291068433472,-519.3814337247671,-0.0,6904.7746481619015,2019,default,B1_SCALED
soybean,2.221699639038664,-7615.677693280217,-1156.7146213777507,89.25615089495903,-0.0,-8683.136163763009,2019,default,B1_SCALED
cotton,2.4827891687069115,78558.35810419073,-29853.459889798658,-17064.537433774964,-0.0,31640.36078061711,2019,default,B1_SCALED
sugarcane,0.5526998554270214,4096.0064758735,0.0,0.0,-0.0,4096.0064758735,2019,default,B1_SCALED
tur,0.7642281719471389,4529.15585396622,-2863.661246789383,-425.5326810486869,-0.0,1239.9619261281503,2019,default,B1_SCALED
maize,0.6080089951440178,-6260.380794620188,-3013.870374007259,823.7431558273681,-0.0,-8450.508012800079,2019,default,B1_SCALED
rice,0.0,-0.0,0.0,-0.0,-0.0,0.0,2019,default,B2
wheat,0.0,-0.0,-0.0,0.0,-0.0,0.0,2019,default,B2
jowar,0.0,0.0,-0.0,-0.0,-0.0,0.0,2019,default,B2
soybean,0.0,-0.0,-0.0,0.0,-0.0,0.0,2019,default,B2
cotton,0.0,0.0,-0.0,-0.0,-0.0,0.0,2019,default,B2
sugarcane,3.1211874366446404,23130.825578078176,0.0,0.0,-0.0,23130.825578078176,2019,default,B2
tur,3.0,17779.333529775315,-11241.385826538703,-1670.4409625380338,-0.0,4867.506740698578,2019,default,B2
maize,0.0,-0.0,-0.0,0.0,-0.0,0.0,2019,default,B2
rice,0.0,-0.0,0.0,-0.0,-0.0,0.0,2019,default,B3
wheat,0.0,-0.0,-0.0,0.0,-0.0,0.0,2019,default,B3
jowar,0.0,0.0,-0.0,-0.0,-0.0,0.0,2019,default,B3
soybean,0.0,-0.0,-0.0,0.0,-0.0,0.0,2019,default,B3
cotton,0.0,0.0,-0.0,-0.0,-0.0,0.0,2019,default,B3
sugarcane,1.9388753563434766,14368.822313801087,0.0,0.0,-0.0,14368.822313801087,2019,default,B3
tur,3.0,17779.333529775315,-11241.385826538703,-1670.4409625380338,-0.0,4867.506740698578,2019,default,B3
maize,0.0,-0.0,-0.0,0.0,-0.0,0.0,2019,default,B3
rice,0.0050842318680707,-55.477501145876914,20.960195375445895,-4.82889175967025,-0.0,-39.34619753010127,2019,default,OURS
wheat,0.00026939315551542447,-0.10596049177898162,-0.8882679944831807,0.010476479813201758,-0.0,-0.9837520064489605,2019,default,OURS
jowar,0.0001957426442857554,0.9734765882761833,-0.19988461423143286,-0.05411918932814656,-0.0,0.7194727847166039,2019,default,OURS
soybean,0.0031578878963754754,-10.824800971166638,-1.6441354349726172,0.12686724777531866,-0.0,-12.342069158363936,2019,default,OURS
cotton,0.0029296788464936527,92.69847108000238,-35.22693390004654,-20.136069133476727,-0.0,37.33546804647911,2019,default,OURS
sugarcane,1.8360117351362937,13606.509723234374,0.0,0.0,-0.0,13606.509723234374,2019,default,OURS
tur,4.2580157529668705,25234.89408234512,-15955.332644860098,-2370.921310962696,-0.0,6908.640126522325,2019,default,OURS
maize,0.000599519896139549,-6.17297256086763,-2.9717903321066905,0.8122419490032556,-0.0,-8.332520943971065,2019,default,OURS
rice,1.3500502703114006,-14731.3138664176,5565.701597936447,-1282.248094621451,-0.0,-10447.860363102604,2019,default,MODEL_B
wheat,0.28442079058730463,-111.87131605157647,-937.8185008484392,11.060892268557184,-0.0,-1038.6289246314584,2019,default,MODEL_B
jowar,0.00789880160899216,39.282694222557204,-8.065942494365878,-2.183871283144935,-0.0,29.03288044504639,2019,default,MODEL_B
soybean,0.0009391435881639237,-3.219253741366192,-0.488959488903923,0.0377298264555075,-0.0,-3.6704834038146075,2019,default,MODEL_B
cotton,0.000785022494448575,24.839031447384354,-9.439237872467437,-5.395563147977661,-0.0,10.004230426939255,2019,default,MODEL_B
sugarcane,1.6243963872923697,12038.24834836346,0.0,0.0,-0.0,12038.24834836346,2019,default,MODEL_B
tur,2.8084090732831437,16643.880533982738,-10523.469983842608,-1563.760518525214,-0.0,4556.650031614916,2019,default,MODEL_B
maize,0.011490506020145345,-118.31230094210444,-56.95786732277729,15.567575096230096,-0.0,-159.70259316865165,2019,default,MODEL_B
rice,0.8798316921477256,-9600.440140395565,3627.183937211624,-835.64481682876,-0.0,-6808.9010200127,2019,tight,B1
wheat,0.6122018621004341,-240.7975445851894,-2018.608524876518,23.808030451362,-0.0,-2235.5980390103455,2019,tight,B1
jowar,1.8785406154880873,9342.44715032014,-1918.291068433472,-519.3814337247671,-0.0,6904.7746481619015,2019,tight,B1
soybean,2.221699639038664,-7615.677693280217,-1156.7146213777507,89.25615089495903,-0.0,-8683.136163763009,2019,tight,B1
cotton,2.4827891687069115,78558.35810419073,-29853.459889798658,-17064.537433774964,-0.0,31640.36078061711,2019,tight,B1
sugarcane,0.5526998554270214,4096.0064758735,0.0,0.0,-0.0,4096.0064758735,2019,tight,B1
tur,0.7642281719471389,4529.15585396622,-2863.661246789383,-425.5326810486869,-0.0,1239.9619261281503,2019,tight,B1
maize,0.6080089951440178,-6260.380794620188,-3013.870374007259,823.7431558273681,-0.0,-8450.508012800079,2019,tight,B1
rice,0.6158821845034079,-6720.308098276895,2539.0287560481374,-584.9513717801319,-0.0,-4766.23071400889,2019,tight,B1_SCALED
wheat,0.4285413034703039,-168.55828120963258,-1413.0259674135625,16.6656213159534,-0.0,-1564.9186273072416,2019,tight,B1_SCALED
jowar,1.314978430841661,6539.713005224098,-1342.8037479034303,-363.56700360733697,-0.0,4833.342253713331,2019,tight,B1_SCALED
soybean,1.5551897473270646,-5330.974385296152,-809.7002349644254,62.479305626471316,-0.0,-6078.195314634106,2019,tight,B1_SCALED
cotton,1.737952418094838,54990.85067293351,-20897.42192285906,-11945.176203642473,-0.0,22148.25254643198,2019,tight,B1_SCALED
sugarcane,0.38688989879891494,2867.2045331114496,0.0,0.0,-0.0,2867.2045331114496,2019,tight,B1_SCALED
tur,0.5349597203629972,3170.409097776354,-2004.5628727525682,-297.8728767340808,-0.0,867.973348289705,2019,tight,B1_SCALED
maize,0.42560629660081245,-4382.266556234131,-2109.709261805081,576.6202090791576,-0.0,-5915.355608960054,2019,tight,B1_SCALED
rice,0.0,-0.0,0.0,-0.0,-0.0,0.0,2019,tight,B2
wheat,0.0,-0.0,-0.0,0.0,-0.0,0.0,2019,tight,B2
jowar,0.0,0.0,-0.0,-0.0,-0.0,0.0,2019,tight,B2
soybean,0.0,-0.0,-0.0,0.0,-0.0,0.0,2019,tight,B2
cotton,0.0,0.0,-0.0,-0.0,-0.0,0.0,2019,tight,B2
sugarcane,2.004831205651248,14857.614889434462,0.0,0.0,-0.0,14857.614889434462,2019,tight,B2
tur,3.0,17779.333529775315,-11241.385826538703,-1670.4409625380338,-0.0,4867.506740698578,2019,tight,B2
maize,0.0,-0.0,-0.0,0.0,-0.0,0.0,2019,tight,B2
rice,0.0,-0.0,0.0,-0.0,-0.0,0.0,2019,tight,B3
wheat,0.0,-0.0,-0.0,0.0,-0.0,0.0,2019,tight,B3
jowar,0.0,0.0,-0.0,-0.0,-0.0,0.0,2019,tight,B3
soybean,0.0,-0.0,-0.0,0.0,-0.0,0.0,2019,tight,B3
cotton,0.0,0.0,-0.0,-0.0,-0.0,0.0,2019,tight,B3
sugarcane,1.9388753563434766,14368.822313801087,0.0,0.0,-0.0,14368.822313801087,2019,tight,B3
tur,3.0,17779.333529775315,-11241.385826538703,-1670.4409625380338,-0.0,4867.506740698578,2019,tight,B3
maize,0.0,-0.0,-0.0,0.0,-0.0,0.0,2019,tight,B3
rice,0.0005239124161412413,-5.716763597928552,2.159875254884742,-0.4976005057875914,-0.0,-4.054488848831402,2019,tight,OURS
wheat,0.00025443406076265716,-0.10007662649094591,-0.8389434855887308,0.00989473283488194,-0.0,-0.9291253792447948,2019,tight,OURS
jowar,0.0005678086652390986,2.8238529434785806,-0.5798236578580919,-0.15698850277804896,-0.0,2.0870407828424398,2019,tight,OURS
soybean,0.030472086293726018,-104.45407820980452,-15.865109369639697,1.224207397132178,-0.0,-119.09498018231204,2019,tight,OURS
cotton,1.984209989840632e-05,0.627827287554169,-0.2385846293001843,-0.1363773697536328,-0.0,0.25286528850035184,2019,tight,OURS
sugarcane,1.3019371148830916,9648.533107758954,0.0,0.0,-0.0,9648.533107758954,2019,tight,OURS
tur,3.19267510508359,18921.211848497198,-11963.364225009878,-1777.7250918690168,-0.0,5180.122531618303,2019,tight,OURS
maize,0.005112187247964736,-52.6377720087511,-25.34085813873376,6.926096966413167,-0.0,-71.0525331810717,2019,tight,OURS
rice,3.3441539644417597,-36490.331324072235,13786.570376631871,-3176.2039853798524,-0.0,-25879.964932820218,2019,tight,MODEL_B
wheat,0.09997152646331092,-39.3218309042799,-329.6353507834499,3.887811020602841,-0.0,-365.069370667127,2019,tight,MODEL_B
jowar,0.0742290090610124,369.1592230988103,-75.79971597441903,-20.52293617301448,-0.0,272.83657095137676,2019,tight,MODEL_B
soybean,0.008294817392878401,-28.43348159164798,-4.318647035542838,0.3332419287718131,-0.0,-32.418886698419,2019,tight,MODEL_B
cotton,0.0017414039952701407,55.10006261858691,-20.938924246962202,-11.968899348827689,-0.0,22.19223902279702,2019,tight,MODEL_B
sugarcane,0.6120841326714264,4536.097751038067,0.0,0.0,-0.0,4536.097751038067,2019,tight,MODEL_B
tur,1.2274478020716302,7274.401287807049,-4599.404775008035,-683.4596959859092,-0.0,1991.5368168131045,2019,tight,MODEL_B
maize,0.01856966040111782,-191.2030023671613,-92.04888379167495,25.15855979702409,-0.0,-258.09332636181216,2019,tight,MODEL_B
