year,scenario,strategy,planned_profit,realized_profit,water_m3,fert_kg,feasible,forecast_error,missing_realized_crops
2016,default,B1,349851.2176160594,463119.49004502385,75242.91690543608,969.9438465412495,True,113268.27242896444,
2016,default,B2,603938.1495484686,747992.2172029526,75242.91690543608,753.0404045557907,True,144054.06765448395,
2016,default,B3,349851.2176160594,488819.1303525452,42750.55356992548,416.5819822165784,True,138967.91273648577,
2016,default,OURS,438873.04623908276,578970.5566682675,54185.710378117416,536.371886554846,True,140097.5104291847,
2016,default,MODEL_B,381411.95395538065,492259.0133210725,53067.92216283408,709.3821421575562,True,110847.05936569185,
2016,default,ORACLE,747992.2172029526,747992.2172029526,75242.91690543608,753.0404045557907,True,0.0,
2016,tight,B1,349851.2176160594,463119.49004502385,75242.91690543608,969.9438465412495,False,113268.27242896444,
2016,tight,B2,427420.59332700435,567941.2418093143,52670.04183380526,519.2982831890536,True,140520.64848231,
2016,tight,B3,349851.2176160594,488819.1303525452,42750.55356992548,416.5819822165784,True,138967.91273648577,
2016,tight,OURS,320186.91902007256,458874.54338784626,39056.977137869966,382.5120262064755,True,138687.6243677737,
2016,tight,MODEL_B,287081.6853807212,340661.6580354771,40459.26267879856,607.8975898593516,True,53579.972654755926,
2016,tight,ORACLE,567941.2418093142,567941.2418093142,52670.04183380524,519.2982831890533,True,0.0,
2017,default,B1,364904.0505815704,352051.01180795016,74214.20681743801,962.6013669705148,True,-12853.038773620268,
2017,default,B2,626078.0255386194,619069.350271301,74214.20681743801,947.1643615945706,True,-7008.67526731838,
2017,default,B3,364904.0505815705,368646.7601158464,44585.14405954932,640.3554167366332,True,3742.7095342759276,
2017,default,OURS,437714.18465466023,427023.9108439345,53521.96455229627,540.2894275356543,True,-10690.273810725717,
2017,default,MODEL_B,396960.8563075241,405829.7174332272,53640.66732754615,744.8255385931508,True,8868.861125703144,
2017,default,ORACLE,619069.3502713011,619069.3502713011,74214.20681743801,947.1643615945707,True,0.0,
2017,tight,B1,364904.0505815704,352051.01180795016,74214.20681743801,962.6013669705148,False,-12853.038773620268,
2017,tight,B2,429823.2244551713,430893.49689294305,51949.944772206596,716.6179281161993,True,1070.272437771724,
2017,tight,B3,364904.0505815705,368646.7601158464,44585.14405954932,640.3554167366332,True,3742.7095342759276,
2017,tight,OURS,283009.91497039207,290032.5010772203,35425.58621429389,541.5787966252456,True,7022.586106828239,
2017,tight,MODEL_B,274039.35446532344,285332.89678004023,37221.67819143184,611.2446181858272,True,11293.54231471679,
2017,tight,ORACLE,430893.49689294316,430893.49689294316,51949.94477220661,716.6179281161994,True,0.0,
2018,default,B1,392753.0799237541,381100.8933641929,73900.71350756547,961.0433902368894,True,-11652.186559561174,
2018,default,B2,651494.6504077147,656458.4694175168,73900.71350756547,943.9181383708406,True,4963.819009802188,
2018,default,B3,392753.0799237541,402213.27333799313,45737.52316679743,652.2883023921873,True,9460.193414239038,
2018,default,OURS,458100.27996060374,425263.9951745227,53078.764464337146,534.6102727708131,True,-32836.28478608106,
2018,default,MODEL_B,474784.4911139786,481568.5952381403,57416.126429854114,843.2846154929781,True,6784.104124161706,
2018,default,ORACLE,656458.4694175168,656458.4694175168,73900.71350756547,943.9181383708406,True,0.0,
2018,tight,B1,392753.0799237541,381100.8933641929,73900.71350756547,961.0433902368894,False,-11652.186559561174,
2018,tight,B2,447811.90237948176,456315.29136695125,51730.49945529582,714.3455718595883,True,8503.388987469487,
2018,tight,B3,392753.0799237541,402213.27333799313,45737.52316679743,652.2883023921873,True,9460.193414239038,
2018,tight,OURS,329552.0352213346,298389.5044893661,39090.57925084832,388.6279169415864,True,-31162.530731968523,
2018,tight,MODEL_B,320386.6837149773,326903.83802767907,39327.32353319349,610.5626564139587,True,6517.154312701779,
2018,tight,ORACLE,456315.29136695125,456315.29136695125,51730.49945529583,714.3455718595883,True,0.0,
2019,default,B1,465276.62891561666,482979.5895108112,74423.74873289281,968.8459874364044,True,17702.96059519454,
2019,default,B2,682720.5553365329,710718.8876553096,74423.74873289281,754.9979181291051,True,27998.332318776753,
2019,default,B3,465276.62891561666,484512.9579701163,50777.50712686952,510.1410862987339,True,19236.329054499627,
2019,default,OURS,492489.4219806056,512981.62223155453,53835.44181792767,535.7242157841171,True,20492.200250948954,
2019,default,MODEL_B,472662.12390532385,477646.19703186763,53180.04944005752,639.0008145557291,True,4984.073126543779,
2019,default,ORACLE,710718.8876553096,710718.8876553096,74423.74873289281,754.9979181291051,True,0.0,
2019,tight,B1,465276.62891561666,482979.5895108112,74423.74873289281,968.8459874364044,False,17702.96059519454,
2019,tight,B2,477406.84316518693,497131.96479531995,52096.624113024955,523.8005426903735,True,19725.121630133013,
2019,tight,B3,465276.62891561666,484512.9579701163,50777.50712686952,510.1410862987339,True,19236.329054499627,
2019,tight,OURS,356623.4538337254,371259.3182515825,39025.619683681696,388.68744715596,True,14635.864417857083,
2019,tight,MODEL_B,346120.02330363094,331370.5400312193,40461.94676300358,606.7406763223312,True,-14749.483272411628,
2019,tight,ORACLE,497131.96479531995,497131.96479531995,52096.624113024955,523.8005426903735,True,0.0,
2020,default,B1,446580.33147248736,,74274.18522743114,971.33156245171,True,,rice;wheat;jowar;soybean;cotton;sugarcane;tur;maize
2020,default,B2,728218.735371364,,74274.18522743112,753.4491880300494,True,,rice;wheat;jowar;soybean;cotton;sugarcane;tur;maize
2020,default,B3,446580.33147248736,,45751.71687365178,458.0990282266642,True,,rice;wheat;jowar;soybean;cotton;sugarcane;tur;maize
2020,default,OURS,525169.3768823823,,53784.23599519214,541.209567452796,True,,rice;wheat;jowar;soybean;cotton;sugarcane;tur;maize
2020,default,MODEL_B,465170.07904580596,,51732.26829473016,666.0694612808651,True,,rice;wheat;jowar;soybean;cotton;sugarcane;tur;maize
2020,default,ORACLE,,,,,False,,rice;wheat;jowar;soybean;cotton;sugarcane;tur;maize
2020,tight,B1,446580.33147248736,,74274.18522743114,971.33156245171,False,,rice;wheat;jowar;soybean;cotton;sugarcane;tur;maize
2020,tight,B2,508197.84462431783,,51991.929659201785,522.7164316210345,True,,rice;wheat;jowar;soybean;cotton;sugarcane;tur;maize
2020,tight,B3,446580.33147248736,,45751.71687365178,458.0990282266642,True,,rice;wheat;jowar;soybean;cotton;sugarcane;tur;maize
2020,tight,OURS,373713.86459738243,,38518.90707765453,384.89992197998515,True,,rice;wheat;jowar;soybean;cotton;sugarcane;tur;maize
2020,tight,MODEL_B,327539.6007421133,,37790.58277613427,524.4084222789312,True,,rice;wheat;jowar;soybean;cotton;sugarcane;tur;maize
2020,tight,ORACLE,,,,,False,,rice;wheat;jowar;soybean;cotton;sugarcane;tur;maize
