scenario,strategy,n_years_realized,years_realized,total_realized_profit,mean_realized_profit,worst_year_realized_profit,capture_ratio_vs_oracle,win_count_vs_b1,mean_water_saved_vs_b1_m3,mean_signed_forecast_gap_rs
default,B1,4,"2016,2017,2018,2019",1679250.9847279782,419812.74618199456,352051.01180795016,0.6141566377584,,0.0,26616.501922744385
default,B2,4,"2016,2017,2018,2019",2734238.92454708,683559.73113677,619069.350271301,1.0,4.0,2.9103830456733705e-12,42501.88592893613
default,B3,4,"2016,2017,2018,2019",1744192.121776501,436048.03044412524,368646.7601158464,0.6379077212740003,4.0,28490.665278794,42851.78618487509
default,OURS,4,"2016,2017,2018,2019",1944240.0849182792,486060.0212295698,425263.9951745227,0.711071760212154,4.0,20729.930796578577,29265.788020831722
default,MODEL_B,4,"2016,2017,2018,2019",1857303.5230243078,464325.88075607695,405829.7174332272,0.6792762352807064,3.0,20603.7475071483,32871.02443552512
default,ORACLE,4,"2016,2017,2018,2019",2734238.92454708,683559.73113677,619069.3502713011,1.0,4.0,,0.0
tight,B1,4,"2016,2017,2018,2019",1679250.9847279782,419812.74618199456,352051.01180795016,0.8601477599779348,,0.0,26616.501922744385
tight,B2,4,"2016,2017,2018,2019",1952281.9948645285,488070.49871613213,430893.49689294305,1.0,4.0,22323.34627144582,42454.85788442106
tight,B3,4,"2016,2017,2018,2019",1744192.121776501,436048.03044412524,368646.7601158464,0.89341197960366,4.0,28490.665278794,42851.78618487509
tight,OURS,4,"2016,2017,2018,2019",1418555.8672060152,354638.9668015038,290032.5010772203,0.7266142242450229,0.0,36187.62036528302,32295.886040122627
tight,MODEL_B,4,"2016,2017,2018,2019",1284268.9328744158,321067.23321860394,285332.89678004023,0.6578296251528627,0.0,35358.99544964035,14160.296502440717
tight,ORACLE,4,"2016,2017,2018,2019",1952281.9948645285,488070.49871613213,430893.49689294316,1.0,4.0,,0.0
