region,crop,water_need_mm,peff_normal_mm,net_irrigation_normal_mm,net_irrigation_dry_mm
maharashtra,rice,575.0,650.5203273426031,200.0,212.47408352265666
maharashtra,wheat,550.0,35.623335229540764,514.3766647704592,546.4494656254308
maharashtra,jowar,550.0,35.623335229540764,514.3766647704592,546.4494656254308
maharashtra,soybean,575.0,650.5203273426031,0.0,12.474083522656656
maharashtra,cotton,1000.0,675.571261432202,324.42873856779795,434.84613416569675
maharashtra,sugarcane,2000.0,707.4980987114376,1292.5019012885623,1426.9596806059549
maharashtra,tur,400.0,675.571261432202,0.0,0.0
maharashtra,maize,650.0,650.5203273426031,0.0,87.47408352265666
konkan,rice,575.0,884.81936496,200.0,200.0
konkan,wheat,550.0,24.821730808888887,525.1782691911111,548.48369664
konkan,jowar,550.0,24.821730808888887,525.1782691911111,548.48369664
konkan,soybean,575.0,884.81936496,0.0,0.0
konkan,cotton,1000.0,906.4242964977777,93.57570350222227,232.67324351999991
konkan,sugarcane,2000.0,943.3276909511111,1056.672309048889,1229.11263616
konkan,tur,400.0,906.4242964977777,0.0,0.0
konkan,maize,650.0,884.81936496,0.0,0.0
madhya_maharashtra,rice,575.0,596.98653712,200.0,315.07020736000004
madhya_maharashtra,wheat,550.0,29.369540195555555,520.6304598044444,547.33082624
madhya_maharashtra,jowar,550.0,29.369540195555555,520.6304598044444,547.33082624
madhya_maharashtra,soybean,575.0,596.98653712,0.0,115.07020736000004
madhya_maharashtra,cotton,1000.0,620.8683078577777,379.1316921422223,537.48102336
madhya_maharashtra,sugarcane,2000.0,649.53680432,1350.46319568,1529.7788192
madhya_maharashtra,tur,400.0,620.8683078577777,0.0,0.0
madhya_maharashtra,maize,650.0,596.98653712,53.01346288000002,190.07020736000004
marathwada,rice,575.0,542.7495454222221,232.25045457777787,421.51248639999994
marathwada,wheat,550.0,35.88174382222222,514.1182561777778,549.1607488
marathwada,jowar,550.0,35.88174382222222,514.1182561777778,549.1607488
marathwada,soybean,575.0,542.7495454222221,32.25045457777787,221.51248639999994
marathwada,cotton,1000.0,567.4771246222222,432.52287537777784,645.85318336
marathwada,sugarcane,2000.0,598.90421872,1401.09578128,1640.93955328
marathwada,tur,400.0,567.4771246222222,0.0,45.853183359999946
marathwada,maize,650.0,542.7495454222221,107.25045457777787,296.51248639999994
vidarbha,rice,575.0,608.8447421511112,200.0,285.72557248
vidarbha,wheat,550.0,46.43199086222222,503.5680091377778,548.84081024
vidarbha,jowar,550.0,46.43199086222222,503.5680091377778,548.84081024
vidarbha,soybean,575.0,608.8447421511112,0.0,85.72557247999998
vidarbha,cotton,1000.0,636.6095969422223,363.3904030577777,510.54559872
vidarbha,sugarcane,2000.0,670.6272934044445,1329.3727065955554,1505.93706432
vidarbha,tur,400.0,636.6095969422223,0.0,0.0
vidarbha,maize,650.0,608.8447421511112,41.15525784888882,160.72557247999998
