water_scenario,price_mode,strategy,profit,water_m3,fert_kg,food_share,n_crops,profit_risk,feasible,profit_pct_vs_B1,water_pct_vs_B1,fert_pct_vs_B1
tight,market,B1,166258.969638261,25980.011413096512,971.33156245171,0.4663294654237654,8,23416.90536977499,False,0.0,0.0,0.0
tight,market,B2,349191.2005803401,18186.007989167556,1025.7524847455957,0.854153022384087,3,52360.80579613026,True,110.02848829154604,-30.00000000000001,5.602713264719137
tight,market,B3,166258.969638261,0.0,746.2092348271237,0.9163238531136015,2,60411.04539293488,True,0.0,-100.0,-23.17667172848389
tight,market,OURS,247836.5537862855,10347.9774646042,795.2272069792047,0.7903706564577448,3,55000.7609235297,True,49.066576272857596,-60.16946528596292,-18.13020005527314
tight,msp_floor,B1,278021.9186652223,25980.011413096512,971.33156245171,0.4663294654237654,8,23416.90536977499,False,0.0,0.0,0.0
tight,msp_floor,B2,404680.6292051891,18186.007989167556,904.8453403020037,0.854153022384087,3,70149.77897289368,True,45.557095335523464,-30.00000000000001,-6.844853469178988
tight,msp_floor,B3,278021.9186652223,3239.7241615471044,799.3639237509441,0.9740182684648364,3,71174.09700136336,True,0.0,-87.52993557226091,-17.704319034656653
tight,msp_floor,OURS,302376.00517304084,9727.215022294733,693.7069513771568,0.5988224029139049,6,69323.96158742554,True,8.759772116077045,-62.55885008044589,-28.581858327944065
current,market,B1,166258.969638261,25980.011413096512,971.33156245171,0.4663294654237654,8,23416.90536977499,True,0.0,0.0,0.0
current,market,B2,423747.4822193458,25980.011413096505,1132.5749782079938,0.7916471748344097,3,44459.16840480286,True,154.87195255769782,-2.8005983132538653e-14,16.60024465274184
current,market,B3,166258.969638261,0.0,746.2092348271237,0.9163238531136015,2,60411.04539293488,True,0.0,-100.0,-23.17667172848389
current,market,OURS,305165.81828558224,15121.564720454051,943.0055062670971,0.788389596939301,3,45116.785512848546,True,83.5484840003211,-41.795388462257264,-2.9162087673869053
current,msp_floor,B1,278021.9186652223,25980.011413096512,971.33156245171,0.4663294654237654,8,23416.90536977499,True,0.0,0.0,0.0
current,msp_floor,B2,470729.0486654593,25980.011413096512,959.8504861457195,0.7916471748344097,3,69728.95153942556,True,69.31364653744573,0.0,-1.181993538541205
current,msp_floor,B3,278021.9186652223,3239.7241615471044,799.3639237509441,0.9740182684648364,3,71174.09700136336,True,0.0,-87.52993557226091,-17.704319034656653
current,msp_floor,OURS,351844.6534570869,15183.769968500836,746.8257992813482,0.7755941509482427,6,66739.91345266487,True,26.552847036768203,-41.55595343254274,-23.113195519323323
