horizon,model,overall_MAE,overall_RMSE,overall_MAPE,overall_n,rice_MAE,rice_MAPE,wheat_MAE,wheat_MAPE,jowar_MAE,jowar_MAPE,soybean_MAE,soybean_MAPE,cotton_MAE,cotton_MAPE,tur_MAE,tur_MAPE,maize_MAE,maize_MAPE
3,Naive,373.5510891286042,595.8371637439948,7.8628324537843906,315,113.22151305484635,4.604115381866285,139.52056557815024,5.4990490341730665,280.9918390383989,10.04926369274705,334.62671662951226,6.620799543190771,640.1917146262871,7.941345323354099,921.0882916981294,11.458593343557208,185.2169832749051,8.866660857602263
3,Seasonal-Naive,800.503867157347,1300.6105036712977,16.315714164514052,315,175.15254097754098,6.945255358265594,243.35695689556727,9.705094038498036,737.2424288454871,26.356791307860693,750.778205873601,15.2721211474848,1460.2959558175176,17.598841842666367,1970.1588109156853,25.701506894690052,266.5421707760293,12.630388562132836
3,XGBoost,454.41380063557057,749.215433703083,9.354383378302659,315,147.69430180473205,5.986401675967571,185.17084393424224,7.375291366272085,330.3758004711808,11.800705221618204,419.3131996913805,8.624323688957096,877.6470570471919,10.957188021748692,1046.1180028886622,12.392450491137406,174.57739861160448,8.344323182417558
6,Naive,512.6413108303464,847.9926116216579,10.771894637376715,294,132.52216698256615,5.265749214656909,199.1894857539447,7.737392040886534,481.92883837046855,17.283184213866953,430.17166067274275,9.129248052793743,781.7508742374507,9.860241596635577,1370.5083320220797,17.162436051822656,192.4178177731719,8.965011290974632
6,Seasonal-Naive,783.5488246487816,1263.73192123403,16.190413540815353,294,181.1436616293759,7.1415285316595,238.0944059747038,9.345369904303134,783.6700006957127,27.94491406481681,702.1452412292138,14.811207006594085,1265.4831716714525,15.876465432458792,2072.792358862542,26.878725367672,241.5129324784712,11.334684478203142
6,XGBoost,743.192177974163,1220.9189121467898,14.882105377076407,294,164.9083015794709,6.6445933119001825,225.26094288205834,8.853734333091817,586.7043395782431,21.182997034289023,715.8353277150534,15.32505988789088,1270.2670538410814,16.52952062563941,1963.0009030055687,22.658429872715313,276.36837721766574,12.980402574008224
12,Naive,750.8872430045758,1205.4970658922189,15.559079739463963,252,198.39902847923682,7.77684420048022,198.13537579435396,7.493883446448511,814.6754297589332,28.31059961763317,643.0358285869255,14.097287652807022,916.6301260961104,12.760084196028853,2294.943083910594,29.44527165987465,190.39182840587694,9.029587402975306
12,Seasonal-Naive,750.8872430045758,1205.4970658922189,15.559079739463963,252,198.39902847923682,7.77684420048022,198.13537579435396,7.493883446448511,814.6754297589332,28.31059961763317,643.0358285869255,14.097287652807022,916.6301260961104,12.760084196028853,2294.943083910594,29.44527165987465,190.39182840587694,9.029587402975306
12,XGBoost,1194.2680664969744,1688.7240619997074,23.989113537657687,252,396.8680749680878,15.515690332514998,416.77829817406166,15.90750866659573,789.7512854387944,26.30843137336509,1070.553252834179,25.320661699804237,2174.5474107679865,30.02239556337044,3119.779678477764,36.40552631347122,391.5984648179466,18.44358081448207
