crop,q_used,q_log1p,coverage,mean_width_orig,n
ALL,overall,0.32851625260266637,0.9407894736842105,2.529446893821412,152
rice,per_crop,0.1810037427494735,1.0,1.0462027578340014,8
wheat,per_crop,0.2966586430469893,1.0,1.5662853959855374,4
jowar,per_crop,0.2697254896827054,1.0,1.0859670129031334,8
soybean,per_crop,0.3307189647297033,1.0,1.6223455922423204,4
cotton,per_crop,0.3663610830925721,0.75,2.002324177666636,4
sugarcane,per_crop,0.7714047805574054,1.0,123.18870380220312,4
tur,per_crop,0.17165988286240935,0.75,0.5835541594907687,4
maize,per_crop,0.4089009430335042,1.0,2.403702921662736,12
