state,n_test_rows,mae_in,mae_out,mae_degradation_pct,mape_in,mape_out,mape_degradation_pct,crop_jaccard_vs_other_states
Tamil Nadu,218,37.068403190086784,34.18981243722423,-7.765618438164553,48.54980658796871,87.36862829589387,79.95669691822208,0.8181818181818182
Bihar,169,1.2422800048651563,1.409987711174688,13.499992405314087,32.715932794558555,42.43447186566156,29.70582905928768,0.7636363636363637
Andhra Pradesh,276,40.56559834957664,58.51052137348811,44.23680101861176,46.336907136941534,75.94320656894122,63.893559715806816,0.8363636363636363
Uttar Pradesh,164,0.9183262204502135,1.3305477381953992,44.88835324151936,21.558033600692685,43.121599032285005,100.02566018312291,0.7090909090909091
Maharashtra,152,0.5057938032695098,0.7504000314671277,48.36085903315834,34.446759547736015,79.58394662446177,131.0346391630105,0.5454545454545454
Madhya Pradesh,160,2.107633177389603,3.5622695762748293,69.01753182149363,33.58098411778116,112.20559930370698,234.1343389763673,0.8181818181818182
Gujarat,160,0.9552708742364644,2.8538629442941907,198.7490795817727,19.63510738930423,36.828510537592294,87.56459950737916,0.5636363636363636
Karnataka,276,12.327327974186067,65.20308551840256,428.9312140874365,43.07326949242397,118.19724983098578,174.40974698188433,0.8181818181818182
West Bengal,190,8.916389337119272,67.9519701101427,662.1018726409359,14.98051202590113,34.729862215360576,131.83361259824133,0.7636363636363637
Chhattisgarh,185,0.5138601044047592,68.34678128565258,13200.6592066188,46.17239271359907,197.8253763878047,328.44947978955304,0.7818181818181819
