crop,year,msp_rs_per_qtl,cost_a2fl_rs_per_qtl,source_url,provenance
rice,2015,,,,
rice,2016,1470.0,,https://desagri.gov.in/wp-content/uploads/2021/04/MSP-kharif-2016-17.pdf,primary
rice,2017,1550.0,,https://static.pib.gov.in/WriteReadData/userfiles/Merged-MSP.pdf,primary
rice,2018,1750.0,,https://static.pib.gov.in/WriteReadData/userfiles/Merged-MSP.pdf,primary
rice,2019,1815.0,,https://static.pib.gov.in/WriteReadData/userfiles/Merged-MSP.pdf,primary
rice,2020,1868.0,,https://desagri.gov.in/wp-content/uploads/2025/02/MSP_for-website_English-version.pdf,primary
rice,2021,1940.0,,https://desagri.gov.in/wp-content/uploads/2025/02/MSP_for-website_English-version.pdf,primary
rice,2022,2040.0,,https://desagri.gov.in/wp-content/uploads/2025/02/MSP_for-website_English-version.pdf,primary
rice,2023,2183.0,,https://desagri.gov.in/wp-content/uploads/2025/02/MSP_for-website_English-version.pdf,primary
rice,2024,2300.0,,https://desagri.gov.in/wp-content/uploads/2025/02/MSP_for-website_English-version.pdf,primary
rice,2025,2369.0,,https://www.pib.gov.in/PressReleasePage.aspx?PRID=2131983&reg=48&lang=2,primary
wheat,2015,,,,
wheat,2016,1625.0,,https://static.pib.gov.in/WriteReadData/userfiles/Merged-MSP.pdf,primary
wheat,2017,1735.0,,https://static.pib.gov.in/WriteReadData/userfiles/Merged-MSP.pdf,primary
wheat,2018,1840.0,,https://static.pib.gov.in/WriteReadData/userfiles/Merged-MSP.pdf,primary
wheat,2019,1925.0,,https://static.pib.gov.in/WriteReadData/userfiles/Merged-MSP.pdf,primary
wheat,2020,1975.0,,https://static.pib.gov.in/WriteReadData/userfiles/Merged-MSP.pdf,primary
wheat,2021,2015.0,,https://desagri.gov.in/wp-content/uploads/2025/02/MSP_for-website_English-version.pdf,primary
wheat,2022,2125.0,,https://desagri.gov.in/wp-content/uploads/2025/02/MSP_for-website_English-version.pdf,primary
wheat,2023,2275.0,,https://desagri.gov.in/wp-content/uploads/2025/02/MSP_for-website_English-version.pdf,primary
wheat,2024,2425.0,,https://desagri.gov.in/wp-content/uploads/2025/02/MSP_for-website_English-version.pdf,primary
wheat,2025,2585.0,,PIB RMS 2026-27 (per data/reference/crop_reference.csv msp_source),primary
jowar,2015,,,,
jowar,2016,1625.0,,https://desagri.gov.in/wp-content/uploads/2021/04/MSP-kharif-2016-17.pdf,primary
jowar,2017,1700.0,,https://pib.gov.in/newsite/PrintRelease.aspx?relid=181467,primary_verified_v2
jowar,2018,2430.0,,https://agriculturepost.com/policy/cabinet-approves-msp-of-all-kharif-crops-for-2019-20/,secondary
jowar,2019,2550.0,,https://agriculturepost.com/policy/cabinet-approves-msp-of-all-kharif-crops-for-2019-20/,secondary
jowar,2020,2620.0,,https://desagri.gov.in/wp-content/uploads/2025/02/MSP_for-website_English-version.pdf,primary
jowar,2021,2738.0,,https://desagri.gov.in/wp-content/uploads/2025/02/MSP_for-website_English-version.pdf,primary
jowar,2022,2970.0,,https://desagri.gov.in/wp-content/uploads/2025/02/MSP_for-website_English-version.pdf,primary
jowar,2023,3180.0,,https://desagri.gov.in/wp-content/uploads/2025/02/MSP_for-website_English-version.pdf,primary
jowar,2024,3371.0,,https://desagri.gov.in/wp-content/uploads/2025/02/MSP_for-website_English-version.pdf,primary
jowar,2025,3699.0,,PIB KMS 2025-26 PRID 2131983 (per data/reference/crop_reference.csv msp_source),primary
soybean,2015,,,,
soybean,2016,2775.0,,https://desagri.gov.in/wp-content/uploads/2021/04/MSP-kharif-2016-17.pdf,primary
soybean,2017,3050.0,,https://pib.gov.in/newsite/PrintRelease.aspx?relid=181467,primary_verified_v2
soybean,2018,3399.0,,https://agriculturepost.com/policy/cabinet-approves-msp-of-all-kharif-crops-for-2019-20/,secondary
soybean,2019,3710.0,,https://agriculturepost.com/policy/cabinet-approves-msp-of-all-kharif-crops-for-2019-20/,secondary
soybean,2020,3880.0,,https://desagri.gov.in/wp-content/uploads/2025/02/MSP_for-website_English-version.pdf,primary
soybean,2021,3950.0,,https://desagri.gov.in/wp-content/uploads/2025/02/MSP_for-website_English-version.pdf,primary
soybean,2022,4300.0,,https://desagri.gov.in/wp-content/uploads/2025/02/MSP_for-website_English-version.pdf,primary
soybean,2023,4600.0,,https://desagri.gov.in/wp-content/uploads/2025/02/MSP_for-website_English-version.pdf,primary
soybean,2024,4892.0,,https://desagri.gov.in/wp-content/uploads/2025/02/MSP_for-website_English-version.pdf,primary
soybean,2025,5328.0,,PIB KMS 2025-26 PRID 2131983 (per data/reference/crop_reference.csv msp_source),primary
cotton,2015,,,,
cotton,2016,3860.0,,https://desagri.gov.in/wp-content/uploads/2021/04/MSP-kharif-2016-17.pdf,primary
cotton,2017,4020.0,,https://static.pib.gov.in/WriteReadData/userfiles/Merged-MSP.pdf,primary
cotton,2018,5150.0,,https://static.pib.gov.in/WriteReadData/userfiles/Merged-MSP.pdf,primary
cotton,2019,5255.0,,https://static.pib.gov.in/WriteReadData/userfiles/Merged-MSP.pdf,primary
cotton,2020,5515.0,,https://desagri.gov.in/wp-content/uploads/2025/02/MSP_for-website_English-version.pdf,primary
cotton,2021,5726.0,,https://desagri.gov.in/wp-content/uploads/2025/02/MSP_for-website_English-version.pdf,primary
cotton,2022,6080.0,,https://desagri.gov.in/wp-content/uploads/2025/02/MSP_for-website_English-version.pdf,primary
cotton,2023,6620.0,,https://desagri.gov.in/wp-content/uploads/2025/02/MSP_for-website_English-version.pdf,primary
cotton,2024,7121.0,,https://desagri.gov.in/wp-content/uploads/2025/02/MSP_for-website_English-version.pdf,primary
cotton,2025,7710.0,,PIB KMS 2025-26 PRID 2131983 (per data/reference/crop_reference.csv msp_source),primary
tur,2015,,,,
tur,2016,5050.0,,https://desagri.gov.in/wp-content/uploads/2021/04/MSP-kharif-2016-17.pdf,primary
tur,2017,5450.0,,https://static.pib.gov.in/WriteReadData/userfiles/Merged-MSP.pdf,primary
tur,2018,5675.0,,https://static.pib.gov.in/WriteReadData/userfiles/Merged-MSP.pdf,primary
tur,2019,5800.0,,https://static.pib.gov.in/WriteReadData/userfiles/Merged-MSP.pdf,primary
tur,2020,6000.0,,https://desagri.gov.in/wp-content/uploads/2025/02/MSP_for-website_English-version.pdf,primary
tur,2021,6300.0,,https://desagri.gov.in/wp-content/uploads/2025/02/MSP_for-website_English-version.pdf,primary
tur,2022,6600.0,,https://desagri.gov.in/wp-content/uploads/2025/02/MSP_for-website_English-version.pdf,primary
tur,2023,7000.0,,https://desagri.gov.in/wp-content/uploads/2025/02/MSP_for-website_English-version.pdf,primary
tur,2024,7550.0,,https://desagri.gov.in/wp-content/uploads/2025/02/MSP_for-website_English-version.pdf,primary
tur,2025,8000.0,,PIB KMS 2025-26 PRID 2131983 (per data/reference/crop_reference.csv msp_source),primary
maize,2015,,,,
maize,2016,1365.0,,https://desagri.gov.in/wp-content/uploads/2021/04/MSP-kharif-2016-17.pdf,primary
maize,2017,1425.0,,https://pib.gov.in/newsite/PrintRelease.aspx?relid=181467,primary_verified_v2
maize,2018,1700.0,,https://agriculturepost.com/policy/cabinet-approves-msp-of-all-kharif-crops-for-2019-20/,secondary
maize,2019,1760.0,,https://agriculturepost.com/policy/cabinet-approves-msp-of-all-kharif-crops-for-2019-20/,secondary
maize,2020,1850.0,,https://desagri.gov.in/wp-content/uploads/2025/02/MSP_for-website_English-version.pdf,primary
maize,2021,1870.0,,https://desagri.gov.in/wp-content/uploads/2025/02/MSP_for-website_English-version.pdf,primary
maize,2022,1962.0,,https://desagri.gov.in/wp-content/uploads/2025/02/MSP_for-website_English-version.pdf,primary
maize,2023,2090.0,,https://desagri.gov.in/wp-content/uploads/2025/02/MSP_for-website_English-version.pdf,primary
maize,2024,2225.0,,https://desagri.gov.in/wp-content/uploads/2025/02/MSP_for-website_English-version.pdf,primary
maize,2025,2400.0,,PIB KMS 2025-26 PRID 2131983 (per data/reference/crop_reference.csv msp_source),primary
sugarcane,2015,230.0,,https://www.onmanorama.com/news/india/2024/02/24/fair-and-remunerative-price-frp.html,secondary
sugarcane,2016,230.0,,https://www.onmanorama.com/news/india/2024/02/24/fair-and-remunerative-price-frp.html,secondary
sugarcane,2017,255.0,,https://www.onmanorama.com/news/india/2024/02/24/fair-and-remunerative-price-frp.html,secondary
sugarcane,2018,275.0,,https://www.onmanorama.com/news/india/2024/02/24/fair-and-remunerative-price-frp.html,secondary
sugarcane,2019,275.0,,https://www.onmanorama.com/news/india/2024/02/24/fair-and-remunerative-price-frp.html,secondary
sugarcane,2020,285.0,,https://www.onmanorama.com/news/india/2024/02/24/fair-and-remunerative-price-frp.html,secondary
sugarcane,2021,290.0,,https://www.onmanorama.com/news/india/2024/02/24/fair-and-remunerative-price-frp.html,secondary
sugarcane,2022,305.0,,https://www.tribuneindia.com/news/nation/cabinet-approves-sugarcane-frp-of-rs-305-qtl-for-2022-23-season-418503,secondary
sugarcane,2023,315.0,,https://www.tribuneindia.com/news/india/union-cabinet-approves-hike-in-sugarcane-frp-by-rs-25-to-rs-340-per-quintal-for-2024-25-593154,secondary
sugarcane,2024,340.0,,https://www.tribuneindia.com/news/india/union-cabinet-approves-hike-in-sugarcane-frp-by-rs-25-to-rs-340-per-quintal-for-2024-25-593154,secondary
sugarcane,2025,355.0,,https://www.tribuneindia.com/news/india/cabinet-raises-sugarcane-frp-to-rs-355-quintal-for-2025-26,secondary
